2026-03-17 17:54:40,Iran conflict drives heightened espionage activity against Middle East targets,domain,1drvms.store,#rust backdoor #iran conflict #cobalt strike #phishing #cyber espionage #state-sponsored actors #government targets,https://otx.alienvault.com/pulse/69b18928a9cb5b794dd0e2cb
2026-03-17 17:54:39,"Wide-scale, opportunistic SMS pumping attacks target customer sign-up pages",domain,2mails1box.com,#api attacks #multi-factor authentication #sms pumping #proxy services,https://otx.alienvault.com/pulse/69b4567b03ea40d6ffd8a0f7
2026-03-17 17:54:38,IoCs (Indicators of Compromise) for the Coruna iOS iPhone Web Malware Client Side Exploits Serving Web Malware Exploitation Kit,domain,2s3b3rknfqtwwpo.xyz,#coruna #indicators of compromise #coruna ios iphone web malware #client-side exploits #iphone #exploitation kit #web malware #ios,https://otx.alienvault.com/pulse/69b891c1dc6a9f2f666e3cc5
2026-03-17 17:54:39,"Wide-scale, opportunistic SMS pumping attacks target customer sign-up pages",domain,300bucks.net,#api attacks #multi-factor authentication #sms pumping #proxy services,https://otx.alienvault.com/pulse/69b4567b03ea40d6ffd8a0f7
2026-03-17 17:54:38,IoCs (Indicators of Compromise) for the Coruna iOS iPhone Web Malware Client Side Exploits Serving Web Malware Exploitation Kit,domain,3v5w1km5gv.xyz,#coruna #indicators of compromise #coruna ios iphone web malware #client-side exploits #iphone #exploitation kit #web malware #ios,https://otx.alienvault.com/pulse/69b891c1dc6a9f2f666e3cc5
2026-03-17 17:54:38,Hydra Saiga: Covert Espionage and Infiltration of Critical Utilities,domain,40gov.uz,#kazakhstan #jlorat #custom implants #espionage #central asia #water resources #critical infrastructure #energy sector #telemiris #telegram,https://otx.alienvault.com/pulse/69b9350760e55cbccb5bb598
2026-03-17 17:54:38,Hydra Saiga: Covert Espionage and Infiltration of Critical Utilities,domain,40minwater.uz,#kazakhstan #jlorat #custom implants #espionage #central asia #water resources #critical infrastructure #energy sector #telemiris #telegram,https://otx.alienvault.com/pulse/69b9350760e55cbccb5bb598
2026-03-17 17:54:39,GoPix banking Trojan targeting Brazilian financial institutions,domain,4a3d.com,#memory-only implant #obfuscation #cryptocurrency #malvertising #banking trojan #brazil #gopix #man-in-the-middle #boleto #powershell #pix,https://otx.alienvault.com/pulse/69b81e54cf83df8f4401d65d
2026-03-17 17:54:38,IoCs (Indicators of Compromise) for the Coruna iOS iPhone Web Malware Client Side Exploits Serving Web Malware Exploitation Kit,domain,4kgame.us,#coruna #indicators of compromise #coruna ios iphone web malware #client-side exploits #iphone #exploitation kit #web malware #ios,https://otx.alienvault.com/pulse/69b891c1dc6a9f2f666e3cc5
2026-03-17 17:54:38,IoCs (Indicators of Compromise) for the Coruna iOS iPhone Web Malware Client Side Exploits Serving Web Malware Exploitation Kit,domain,65sse.668ddf.cc,#coruna #indicators of compromise #coruna ios iphone web malware #client-side exploits #iphone #exploitation kit #web malware #ios,https://otx.alienvault.com/pulse/69b891c1dc6a9f2f666e3cc5
2026-03-17 17:54:38,IoCs (Indicators of Compromise) for the Coruna iOS iPhone Web Malware Client Side Exploits Serving Web Malware Exploitation Kit,domain,6zvjeulzaw5c0mv.xyz,#coruna #indicators of compromise #coruna ios iphone web malware #client-side exploits #iphone #exploitation kit #web malware #ios,https://otx.alienvault.com/pulse/69b891c1dc6a9f2f666e3cc5
2026-03-17 17:54:38,IoCs (Indicators of Compromise) for the Coruna iOS iPhone Web Malware Client Side Exploits Serving Web Malware Exploitation Kit,domain,7fun.icu,#coruna #indicators of compromise #coruna ios iphone web malware #client-side exploits #iphone #exploitation kit #web malware #ios,https://otx.alienvault.com/pulse/69b891c1dc6a9f2f666e3cc5
2026-03-17 17:54:38,IoCs (Indicators of Compromise) for the Coruna iOS iPhone Web Malware Client Side Exploits Serving Web Malware Exploitation Kit,domain,7uspin.us,#coruna #indicators of compromise #coruna ios iphone web malware #client-side exploits #iphone #exploitation kit #web malware #ios,https://otx.alienvault.com/pulse/69b891c1dc6a9f2f666e3cc5
2026-03-17 17:54:39,GoPix banking Trojan targeting Brazilian financial institutions,domain,9de1.com,#memory-only implant #obfuscation #cryptocurrency #malvertising #banking trojan #brazil #gopix #man-in-the-middle #boleto #powershell #pix,https://otx.alienvault.com/pulse/69b81e54cf83df8f4401d65d
2026-03-17 17:54:39,MAAS VIP_Keylogger Campaign,domain,aborters.duckdns.org,#spear-phishing #vip_keylogger #browser-targeting #process-hollowing,https://otx.alienvault.com/pulse/69b7e0b1a4e3419dfc024013
2026-03-17 17:54:38,Hydra Saiga: Covert Espionage and Infiltration of Critical Utilities,domain,adm-govuz.com,#kazakhstan #jlorat #custom implants #espionage #central asia #water resources #critical infrastructure #energy sector #telemiris #telegram,https://otx.alienvault.com/pulse/69b9350760e55cbccb5bb598
2026-03-17 17:54:38,Hydra Saiga: Covert Espionage and Infiltration of Critical Utilities,domain,admin.inboxsession.info,#kazakhstan #jlorat #custom implants #espionage #central asia #water resources #critical infrastructure #energy sector #telemiris #telegram,https://otx.alienvault.com/pulse/69b9350760e55cbccb5bb598
2026-03-17 17:54:38,IoCs (Indicators of Compromise) for the Coruna iOS iPhone Web Malware Client Side Exploits Serving Web Malware Exploitation Kit,domain,ai-scorepredict.com,#coruna #indicators of compromise #coruna ios iphone web malware #client-side exploits #iphone #exploitation kit #web malware #ios,https://otx.alienvault.com/pulse/69b891c1dc6a9f2f666e3cc5
2026-03-17 17:54:38,Hydra Saiga: Covert Espionage and Infiltration of Critical Utilities,domain,allcloudindex.com,#kazakhstan #jlorat #custom implants #espionage #central asia #water resources #critical infrastructure #energy sector #telemiris #telegram,https://otx.alienvault.com/pulse/69b9350760e55cbccb5bb598
2026-03-17 17:54:40,Iran conflict drives heightened espionage activity against Middle East targets,domain,almersalstore.com,#rust backdoor #iran conflict #cobalt strike #phishing #cyber espionage #state-sponsored actors #government targets,https://otx.alienvault.com/pulse/69b18928a9cb5b794dd0e2cb
2026-03-17 17:54:38,Hydra Saiga: Covert Espionage and Infiltration of Critical Utilities,domain,altaviva.ru,#kazakhstan #jlorat #custom implants #espionage #central asia #water resources #critical infrastructure #energy sector #telemiris #telegram,https://otx.alienvault.com/pulse/69b9350760e55cbccb5bb598
2026-03-17 17:54:39,MAAS VIP_Keylogger Campaign,domain,anotherarmy.dns.army,#spear-phishing #vip_keylogger #browser-targeting #process-hollowing,https://otx.alienvault.com/pulse/69b7e0b1a4e3419dfc024013
2026-03-17 17:54:38,IoCs (Indicators of Compromise) for the Coruna iOS iPhone Web Malware Client Side Exploits Serving Web Malware Exploitation Kit,domain,anygg.liquorfight.com,#coruna #indicators of compromise #coruna ios iphone web malware #client-side exploits #iphone #exploitation kit #web malware #ios,https://otx.alienvault.com/pulse/69b891c1dc6a9f2f666e3cc5
2026-03-17 17:54:38,IoCs (Indicators of Compromise) for the Coruna iOS iPhone Web Malware Client Side Exploits Serving Web Malware Exploitation Kit,domain,appstoreconn.com,#coruna #indicators of compromise #coruna ios iphone web malware #client-side exploits #iphone #exploitation kit #web malware #ios,https://otx.alienvault.com/pulse/69b891c1dc6a9f2f666e3cc5
2026-03-17 17:54:38,Hydra Saiga: Covert Espionage and Infiltration of Critical Utilities,domain,auth.allcloudindex.com,#kazakhstan #jlorat #custom implants #espionage #central asia #water resources #critical infrastructure #energy sector #telemiris #telegram,https://otx.alienvault.com/pulse/69b9350760e55cbccb5bb598
2026-03-17 17:54:38,IoCs (Indicators of Compromise) for the Coruna iOS iPhone Web Malware Client Side Exploits Serving Web Malware Exploitation Kit,domain,b38w09ecdejfqsf.xyz,#coruna #indicators of compromise #coruna ios iphone web malware #client-side exploits #iphone #exploitation kit #web malware #ios,https://otx.alienvault.com/pulse/69b891c1dc6a9f2f666e3cc5
2026-03-17 17:54:39,GoPix banking Trojan targeting Brazilian financial institutions,domain,b3d0.com,#memory-only implant #obfuscation #cryptocurrency #malvertising #banking trojan #brazil #gopix #man-in-the-middle #boleto #powershell #pix,https://otx.alienvault.com/pulse/69b81e54cf83df8f4401d65d
2026-03-17 17:54:38,A Slopoly start to AI-enhanced ransomware attacks,domain,baseline-include-priority-bar.trycloudflare.com,#nodesnake #ai-generated malware #cybercrime #ransomware #slopoly #clickfix #interlockrat #interlock,https://otx.alienvault.com/pulse/69b934133afeb115e5169568
2026-03-17 17:54:38,IoCs (Indicators of Compromise) for the Coruna iOS iPhone Web Malware Client Side Exploits Serving Web Malware Exploitation Kit,domain,bestcryptocurrency.top,#coruna #indicators of compromise #coruna ios iphone web malware #client-side exploits #iphone #exploitation kit #web malware #ios,https://otx.alienvault.com/pulse/69b891c1dc6a9f2f666e3cc5
2026-03-17 17:54:38,IoCs (Indicators of Compromise) for the Coruna iOS iPhone Web Malware Client Side Exploits Serving Web Malware Exploitation Kit,domain,bet247.ac,#coruna #indicators of compromise #coruna ios iphone web malware #client-side exploits #iphone #exploitation kit #web malware #ios,https://otx.alienvault.com/pulse/69b891c1dc6a9f2f666e3cc5
2026-03-17 17:54:38,IoCs (Indicators of Compromise) for the Coruna iOS iPhone Web Malware Client Side Exploits Serving Web Malware Exploitation Kit,domain,binancealliancesintro.com,#coruna #indicators of compromise #coruna ios iphone web malware #client-side exploits #iphone #exploitation kit #web malware #ios,https://otx.alienvault.com/pulse/69b891c1dc6a9f2f666e3cc5
2026-03-17 17:54:38,A Slopoly start to AI-enhanced ransomware attacks,domain,bits-promotions-turned-editions.trycloudflare.com,#nodesnake #ai-generated malware #cybercrime #ransomware #slopoly #clickfix #interlockrat #interlock,https://otx.alienvault.com/pulse/69b934133afeb115e5169568
2026-03-17 17:54:39,"Wide-scale, opportunistic SMS pumping attacks target customer sign-up pages",domain,blueink.top,#api attacks #multi-factor authentication #sms pumping #proxy services,https://otx.alienvault.com/pulse/69b4567b03ea40d6ffd8a0f7
2026-03-17 17:54:38,Boggy Serpens Threat Assessment,domain,bootcamptg.org,#maritime #nuso #lamporat #ai-enhanced malware #trusted relationship compromise #energy #iranian #cyberespionage #udpgangster #critical infrastructure #blackbeard #phoenix #ghostbackdoor #social engineering,https://otx.alienvault.com/pulse/69b91b4202446dd5143da7c3
2026-03-17 17:54:38,A Slopoly start to AI-enhanced ransomware attacks,domain,bridal-custody-private-bodies.trycloudflare.com,#nodesnake #ai-generated malware #cybercrime #ransomware #slopoly #clickfix #interlockrat #interlock,https://otx.alienvault.com/pulse/69b934133afeb115e5169568
2026-03-17 17:54:38,IoCs (Indicators of Compromise) for the Coruna iOS iPhone Web Malware Client Side Exploits Serving Web Malware Exploitation Kit,domain,btrank.top,#coruna #indicators of compromise #coruna ios iphone web malware #client-side exploits #iphone #exploitation kit #web malware #ios,https://otx.alienvault.com/pulse/69b891c1dc6a9f2f666e3cc5
2026-03-17 17:54:38,IoCs (Indicators of Compromise) for the Coruna iOS iPhone Web Malware Client Side Exploits Serving Web Malware Exploitation Kit,domain,cdn.uacounter.com,#coruna #indicators of compromise #coruna ios iphone web malware #client-side exploits #iphone #exploitation kit #web malware #ios,https://otx.alienvault.com/pulse/69b891c1dc6a9f2f666e3cc5
2026-03-17 17:54:38,Hacked sites deliver Vidar infostealer to Windows users,domain,cdnwoopress.com,#vidar #fake captcha #wordpress #golang loader #infostealer #windows #msi installer #hta script,https://otx.alienvault.com/pulse/69b91a3de2106fb26b3bff52
2026-03-17 17:54:39,Storm-2561 uses SEO poisoning to distribute fake VPN clients for credential theft,domain,checkpoint-vpn.com,#credential theft #code signing #vpn #seo poisoning #hyrax,https://otx.alienvault.com/pulse/69b7da9f7950cc3e720bfb13
2026-03-17 17:54:38,A Slopoly start to AI-enhanced ransomware attacks,domain,chronic-dividend-amendments-das.trycloudflare.com,#nodesnake #ai-generated malware #cybercrime #ransomware #slopoly #clickfix #interlockrat #interlock,https://otx.alienvault.com/pulse/69b934133afeb115e5169568
2026-03-17 17:54:38,A Slopoly start to AI-enhanced ransomware attacks,domain,cigarette-assumed-biotechnology-checklist.trycloudflare.com,#nodesnake #ai-generated malware #cybercrime #ransomware #slopoly #clickfix #interlockrat #interlock,https://otx.alienvault.com/pulse/69b934133afeb115e5169568
2026-03-17 17:54:39,Storm-2561 uses SEO poisoning to distribute fake VPN clients for credential theft,domain,cisco-secure-client.es,#credential theft #code signing #vpn #seo poisoning #hyrax,https://otx.alienvault.com/pulse/69b7da9f7950cc3e720bfb13
2026-03-17 17:54:39,Investigating a new Click-fix variant,domain,cloudflare.report,#clickfix,https://otx.alienvault.com/pulse/69b7db3dcc28a49fbcbad5df
2026-03-17 17:54:38,"Web Shells, Tunnels, and Ransomware: Dissecting a Warlock Attack",domain,code.translatevv.com,#yuze #sharepoint #cloudflare #ransomware #lateral movement #tunneling #velociraptor #lockbit #tightvnc #byovd,https://otx.alienvault.com/pulse/69b7e2efd7e29c4058daf6d6
2026-03-17 17:54:38,Boggy Serpens Threat Assessment,domain,codefusiontech.org,#maritime #nuso #lamporat #ai-enhanced malware #trusted relationship compromise #energy #iranian #cyberespionage #udpgangster #critical infrastructure #blackbeard #phoenix #ghostbackdoor #social engineering,https://otx.alienvault.com/pulse/69b91b4202446dd5143da7c3
2026-03-17 17:54:38,A Slopoly start to AI-enhanced ransomware attacks,domain,coffee-lloyd-families-excluded.trycloudflare.com,#nodesnake #ai-generated malware #cybercrime #ransomware #slopoly #clickfix #interlockrat #interlock,https://otx.alienvault.com/pulse/69b934133afeb115e5169568
2026-03-17 17:54:38,A Slopoly start to AI-enhanced ransomware attacks,domain,communist-flying-provision-calendar.trycloudflare.com,#nodesnake #ai-generated malware #cybercrime #ransomware #slopoly #clickfix #interlockrat #interlock,https://otx.alienvault.com/pulse/69b934133afeb115e5169568
2026-03-17 17:54:38,A Slopoly start to AI-enhanced ransomware attacks,domain,corner-teacher-guam-characterization.trycloudflare.com,#nodesnake #ai-generated malware #cybercrime #ransomware #slopoly #clickfix #interlockrat #interlock,https://otx.alienvault.com/pulse/69b934133afeb115e5169568
2026-03-17 17:54:39,GoPix banking Trojan targeting Brazilian financial institutions,domain,correioez0ubcfht9i3.lovehomely.com,#memory-only implant #obfuscation #cryptocurrency #malvertising #banking trojan #brazil #gopix #man-in-the-middle #boleto #powershell #pix,https://otx.alienvault.com/pulse/69b81e54cf83df8f4401d65d
2026-03-17 17:54:39,GoPix banking Trojan targeting Brazilian financial institutions,domain,correiotwknx9gu315h.lovehomely.com,#memory-only implant #obfuscation #cryptocurrency #malvertising #banking trojan #brazil #gopix #man-in-the-middle #boleto #powershell #pix,https://otx.alienvault.com/pulse/69b81e54cf83df8f4401d65d
2026-03-17 17:54:38,IoCs (Indicators of Compromise) for the Coruna iOS iPhone Web Malware Client Side Exploits Serving Web Malware Exploitation Kit,domain,cryptocurrencyworld.top,#coruna #indicators of compromise #coruna ios iphone web malware #client-side exploits #iphone #exploitation kit #web malware #ios,https://otx.alienvault.com/pulse/69b891c1dc6a9f2f666e3cc5
2026-03-17 17:54:38,IoCs (Indicators of Compromise) for the Coruna iOS iPhone Web Malware Client Side Exploits Serving Web Malware Exploitation Kit,domain,dbgopaxl.com,#coruna #indicators of compromise #coruna ios iphone web malware #client-side exploits #iphone #exploitation kit #web malware #ios,https://otx.alienvault.com/pulse/69b891c1dc6a9f2f666e3cc5
2026-03-17 17:54:38,IoCs (Indicators of Compromise) for the Coruna iOS iPhone Web Malware Client Side Exploits Serving Web Malware Exploitation Kit,domain,dd9l7e6ghme8pbk.xyz,#coruna #indicators of compromise #coruna ios iphone web malware #client-side exploits #iphone #exploitation kit #web malware #ios,https://otx.alienvault.com/pulse/69b891c1dc6a9f2f666e3cc5
2026-03-17 17:54:38,IoCs (Indicators of Compromise) for the Coruna iOS iPhone Web Malware Client Side Exploits Serving Web Malware Exploitation Kit,domain,ddus17.com,#coruna #indicators of compromise #coruna ios iphone web malware #client-side exploits #iphone #exploitation kit #web malware #ios,https://otx.alienvault.com/pulse/69b891c1dc6a9f2f666e3cc5
2026-03-17 17:54:40,Iran conflict drives heightened espionage activity against Middle East targets,domain,deepdive.hypernas.com,#rust backdoor #iran conflict #cobalt strike #phishing #cyber espionage #state-sponsored actors #government targets,https://otx.alienvault.com/pulse/69b18928a9cb5b794dd0e2cb
2026-03-17 17:54:40,Iran conflict drives heightened espionage activity against Middle East targets,domain,defenceprodindia.site,#rust backdoor #iran conflict #cobalt strike #phishing #cyber espionage #state-sponsored actors #government targets,https://otx.alienvault.com/pulse/69b18928a9cb5b794dd0e2cb
2026-03-17 17:54:40,Iran conflict drives heightened espionage activity against Middle East targets,domain,denika.se,#rust backdoor #iran conflict #cobalt strike #phishing #cyber espionage #state-sponsored actors #government targets,https://otx.alienvault.com/pulse/69b18928a9cb5b794dd0e2cb
2026-03-17 17:54:38,A Slopoly start to AI-enhanced ransomware attacks,domain,describe-absent-operational-seventh.trycloudflare.com,#nodesnake #ai-generated malware #cybercrime #ransomware #slopoly #clickfix #interlockrat #interlock,https://otx.alienvault.com/pulse/69b934133afeb115e5169568
2026-03-17 17:54:39,"Wide-scale, opportunistic SMS pumping attacks target customer sign-up pages",domain,desumail.com,#api attacks #multi-factor authentication #sms pumping #proxy services,https://otx.alienvault.com/pulse/69b4567b03ea40d6ffd8a0f7
2026-03-17 17:54:38,Hydra Saiga: Covert Espionage and Infiltration of Critical Utilities,domain,docworldme.com,#kazakhstan #jlorat #custom implants #espionage #central asia #water resources #critical infrastructure #energy sector #telemiris #telegram,https://otx.alienvault.com/pulse/69b9350760e55cbccb5bb598
2026-03-17 17:54:40,Employee Monitoring and SimpleHelp Software Abused in Ransomware Operations,domain,dronemaker.org,#cryptocurrency #ransomware #voidcrypt #net monitor #employee monitoring #remote access #vpn compromise #crazy #crazy ransomware #simplehelp,https://otx.alienvault.com/pulse/698dadc46c71569240154489
2026-03-17 17:54:40,CastleRAT attack first to abuse Deno JavaScript runtime to evade enterprise security,domain,dsennbuappec.zhivachkapro.com,#clickfix #social engineering #castlerat #deno #javascript #api abuse,https://otx.alienvault.com/pulse/69b14da6cb1bf921c7ac6d22
2026-03-17 17:54:38,Middle East Crisis Exploited by Fraudsters: Government Impersonation and Evacuation Scam Infrastructure Identified,domain,dubai-evac.com,#middle east crisis #evacuation scams #phishing #government impersonation #emergency registration #domain exploitation #fraud #uae #dubai,https://otx.alienvault.com/pulse/69b14da851c481eb34355935
2026-03-17 17:54:38,Middle East Crisis Exploited by Fraudsters: Government Impersonation and Evacuation Scam Infrastructure Identified,domain,dubaicuctoms.com,#middle east crisis #evacuation scams #phishing #government impersonation #emergency registration #domain exploitation #fraud #uae #dubai,https://otx.alienvault.com/pulse/69b14da851c481eb34355935
2026-03-17 17:54:39,"Wide-scale, opportunistic SMS pumping attacks target customer sign-up pages",domain,e-boss.xyz,#api attacks #multi-factor authentication #sms pumping #proxy services,https://otx.alienvault.com/pulse/69b4567b03ea40d6ffd8a0f7
2026-03-17 17:54:39,"Wide-scale, opportunistic SMS pumping attacks target customer sign-up pages",domain,e-mail.lol,#api attacks #multi-factor authentication #sms pumping #proxy services,https://otx.alienvault.com/pulse/69b4567b03ea40d6ffd8a0f7
2026-03-17 17:54:39,"Wide-scale, opportunistic SMS pumping attacks target customer sign-up pages",domain,echat.rest,#api attacks #multi-factor authentication #sms pumping #proxy services,https://otx.alienvault.com/pulse/69b4567b03ea40d6ffd8a0f7
2026-03-17 17:54:38,A Slopoly start to AI-enhanced ransomware attacks,domain,edinburgh-packaging-sense-idol.trycloudflare.com,#nodesnake #ai-generated malware #cybercrime #ransomware #slopoly #clickfix #interlockrat #interlock,https://otx.alienvault.com/pulse/69b934133afeb115e5169568
2026-03-17 17:54:39,GoPix banking Trojan targeting Brazilian financial institutions,domain,ef0h.com,#memory-only implant #obfuscation #cryptocurrency #malvertising #banking trojan #brazil #gopix #man-in-the-middle #boleto #powershell #pix,https://otx.alienvault.com/pulse/69b81e54cf83df8f4401d65d
2026-03-17 17:54:38,IoCs (Indicators of Compromise) for the Coruna iOS iPhone Web Malware Client Side Exploits Serving Web Malware Exploitation Kit,domain,eg2bjo5x5r8yjb5.xyz,#coruna #indicators of compromise #coruna ios iphone web malware #client-side exploits #iphone #exploitation kit #web malware #ios,https://otx.alienvault.com/pulse/69b891c1dc6a9f2f666e3cc5
2026-03-17 17:54:40,Iran conflict drives heightened espionage activity against Middle East targets,domain,elcat.kg,#rust backdoor #iran conflict #cobalt strike #phishing #cyber espionage #state-sponsored actors #government targets,https://otx.alienvault.com/pulse/69b18928a9cb5b794dd0e2cb
2026-03-17 17:54:38,A Slopoly start to AI-enhanced ransomware attacks,domain,electrical-protect-molecular-underground.trycloudflare.com,#nodesnake #ai-generated malware #cybercrime #ransomware #slopoly #clickfix #interlockrat #interlock,https://otx.alienvault.com/pulse/69b934133afeb115e5169568
2026-03-17 17:54:39,"Wide-scale, opportunistic SMS pumping attacks target customer sign-up pages",domain,electroletter.space,#api attacks #multi-factor authentication #sms pumping #proxy services,https://otx.alienvault.com/pulse/69b4567b03ea40d6ffd8a0f7
2026-03-17 17:54:39,"Wide-scale, opportunistic SMS pumping attacks target customer sign-up pages",domain,emailclub.net,#api attacks #multi-factor authentication #sms pumping #proxy services,https://otx.alienvault.com/pulse/69b4567b03ea40d6ffd8a0f7
2026-03-17 17:54:39,"Wide-scale, opportunistic SMS pumping attacks target customer sign-up pages",domain,energymail.org,#api attacks #multi-factor authentication #sms pumping #proxy services,https://otx.alienvault.com/pulse/69b4567b03ea40d6ffd8a0f7
2026-03-17 17:54:38,A Slopoly start to AI-enhanced ransomware attacks,domain,eugene-examinations-contained-timber.trycloudflare.com,#nodesnake #ai-generated malware #cybercrime #ransomware #slopoly #clickfix #interlockrat #interlock,https://otx.alienvault.com/pulse/69b934133afeb115e5169568
2026-03-17 17:54:38,Middle East Crisis Exploited by Fraudsters: Government Impersonation and Evacuation Scam Infrastructure Identified,domain,evacuationprivate-uae.com,#middle east crisis #evacuation scams #phishing #government impersonation #emergency registration #domain exploitation #fraud #uae #dubai,https://otx.alienvault.com/pulse/69b14da851c481eb34355935
2026-03-17 17:54:38,Middle East Crisis Exploited by Fraudsters: Government Impersonation and Evacuation Scam Infrastructure Identified,domain,evakuierungshilfedubai.com,#middle east crisis #evacuation scams #phishing #government impersonation #emergency registration #domain exploitation #fraud #uae #dubai,https://otx.alienvault.com/pulse/69b14da851c481eb34355935
2026-03-17 17:54:38,Middle East Crisis Exploited by Fraudsters: Government Impersonation and Evacuation Scam Infrastructure Identified,domain,evocouae.com,#middle east crisis #evacuation scams #phishing #government impersonation #emergency registration #domain exploitation #fraud #uae #dubai,https://otx.alienvault.com/pulse/69b14da851c481eb34355935
2026-03-17 17:54:38,Hydra Saiga: Covert Espionage and Infiltration of Critical Utilities,domain,ex.wincorpupdates.com,#kazakhstan #jlorat #custom implants #espionage #central asia #water resources #critical infrastructure #energy sector #telemiris #telegram,https://otx.alienvault.com/pulse/69b9350760e55cbccb5bb598
2026-03-17 17:54:39,Operation CamelClone: Multi-Region Espionage Campaign Targets Government and Defense Entities Amidst Regional Tensions,domain,filebulldogs.com,#spear-phishing #hoppingant #espionage #government,https://otx.alienvault.com/pulse/69b7db1d163d9323dbb20827
2026-03-17 17:54:38,A Slopoly start to AI-enhanced ransomware attacks,domain,forget-canal-chancellor-mas.trycloudflare.com,#nodesnake #ai-generated malware #cybercrime #ransomware #slopoly #clickfix #interlockrat #interlock,https://otx.alienvault.com/pulse/69b934133afeb115e5169568
2026-03-17 17:54:39,Storm-2561 uses SEO poisoning to distribute fake VPN clients for credential theft,domain,forticlient-vpn.de,#credential theft #code signing #vpn #seo poisoning #hyrax,https://otx.alienvault.com/pulse/69b7da9f7950cc3e720bfb13
2026-03-17 17:54:39,Storm-2561 uses SEO poisoning to distribute fake VPN clients for credential theft,domain,forticlient-vpn.fr,#credential theft #code signing #vpn #seo poisoning #hyrax,https://otx.alienvault.com/pulse/69b7da9f7950cc3e720bfb13
2026-03-17 17:54:39,Storm-2561 uses SEO poisoning to distribute fake VPN clients for credential theft,domain,forticlient-vpn.it,#credential theft #code signing #vpn #seo poisoning #hyrax,https://otx.alienvault.com/pulse/69b7da9f7950cc3e720bfb13
2026-03-17 17:54:39,Storm-2561 uses SEO poisoning to distribute fake VPN clients for credential theft,domain,forticlient.ca,#credential theft #code signing #vpn #seo poisoning #hyrax,https://otx.alienvault.com/pulse/69b7da9f7950cc3e720bfb13
2026-03-17 17:54:39,Storm-2561 uses SEO poisoning to distribute fake VPN clients for credential theft,domain,forticlient.co.uk,#credential theft #code signing #vpn #seo poisoning #hyrax,https://otx.alienvault.com/pulse/69b7da9f7950cc3e720bfb13
2026-03-17 17:54:39,Storm-2561 uses SEO poisoning to distribute fake VPN clients for credential theft,domain,forticlient.no,#credential theft #code signing #vpn #seo poisoning #hyrax,https://otx.alienvault.com/pulse/69b7da9f7950cc3e720bfb13
2026-03-17 17:54:38,Hydra Saiga: Covert Espionage and Infiltration of Critical Utilities,domain,france-deguisement.fr,#kazakhstan #jlorat #custom implants #espionage #central asia #water resources #critical infrastructure #energy sector #telemiris #telegram,https://otx.alienvault.com/pulse/69b9350760e55cbccb5bb598
2026-03-17 17:54:38,IoCs (Indicators of Compromise) for the Coruna iOS iPhone Web Malware Client Side Exploits Serving Web Malware Exploitation Kit,domain,fxrhcnfwxes90q.xyz,#coruna #indicators of compromise #coruna ios iphone web malware #client-side exploits #iphone #exploitation kit #web malware #ios,https://otx.alienvault.com/pulse/69b891c1dc6a9f2f666e3cc5
2026-03-17 17:54:38,IoCs (Indicators of Compromise) for the Coruna iOS iPhone Web Malware Client Side Exploits Serving Web Malware Exploitation Kit,domain,gdvynopz3pa0tik.xyz,#coruna #indicators of compromise #coruna ios iphone web malware #client-side exploits #iphone #exploitation kit #web malware #ios,https://otx.alienvault.com/pulse/69b891c1dc6a9f2f666e3cc5
2026-03-17 17:54:38,IoCs (Indicators of Compromise) for the Coruna iOS iPhone Web Malware Client Side Exploits Serving Web Malware Exploitation Kit,domain,gem88.ac,#coruna #indicators of compromise #coruna ios iphone web malware #client-side exploits #iphone #exploitation kit #web malware #ios,https://otx.alienvault.com/pulse/69b891c1dc6a9f2f666e3cc5
2026-03-17 17:54:38,IoCs (Indicators of Compromise) for the Coruna iOS iPhone Web Malware Client Side Exploits Serving Web Malware Exploitation Kit,domain,gemwin.ac,#coruna #indicators of compromise #coruna ios iphone web malware #client-side exploits #iphone #exploitation kit #web malware #ios,https://otx.alienvault.com/pulse/69b891c1dc6a9f2f666e3cc5
2026-03-17 17:54:38,Middle East Crisis Exploited by Fraudsters: Government Impersonation and Evacuation Scam Infrastructure Identified,domain,getoutofdubai.com,#middle east crisis #evacuation scams #phishing #government impersonation #emergency registration #domain exploitation #fraud #uae #dubai,https://otx.alienvault.com/pulse/69b14da851c481eb34355935
2026-03-17 17:54:38,IoCs (Indicators of Compromise) for the Coruna iOS iPhone Web Malware Client Side Exploits Serving Web Malware Exploitation Kit,domain,goanalytics.xyz,#coruna #indicators of compromise #coruna ios iphone web malware #client-side exploits #iphone #exploitation kit #web malware #ios,https://otx.alienvault.com/pulse/69b891c1dc6a9f2f666e3cc5
2026-03-17 17:54:39,"Wide-scale, opportunistic SMS pumping attacks target customer sign-up pages",domain,gogomail.ink,#api attacks #multi-factor authentication #sms pumping #proxy services,https://otx.alienvault.com/pulse/69b4567b03ea40d6ffd8a0f7
2026-03-17 17:54:38,IoCs (Indicators of Compromise) for the Coruna iOS iPhone Web Malware Client Side Exploits Serving Web Malware Exploitation Kit,domain,goodcryptocurrency.top,#coruna #indicators of compromise #coruna ios iphone web malware #client-side exploits #iphone #exploitation kit #web malware #ios,https://otx.alienvault.com/pulse/69b891c1dc6a9f2f666e3cc5
2026-03-17 17:54:39,"Wide-scale, opportunistic SMS pumping attacks target customer sign-up pages",domain,gopostal.top,#api attacks #multi-factor authentication #sms pumping #proxy services,https://otx.alienvault.com/pulse/69b4567b03ea40d6ffd8a0f7
2026-03-17 17:54:38,IoCs (Indicators of Compromise) for the Coruna iOS iPhone Web Malware Client Side Exploits Serving Web Malware Exploitation Kit,domain,gqjs3ra34lyuvzb.xyz,#coruna #indicators of compromise #coruna ios iphone web malware #client-side exploits #iphone #exploitation kit #web malware #ios,https://otx.alienvault.com/pulse/69b891c1dc6a9f2f666e3cc5
2026-03-17 17:54:39,"Wide-scale, opportunistic SMS pumping attacks target customer sign-up pages",domain,guesswho.click,#api attacks #multi-factor authentication #sms pumping #proxy services,https://otx.alienvault.com/pulse/69b4567b03ea40d6ffd8a0f7
2026-03-17 17:54:38,IoCs (Indicators of Compromise) for the Coruna iOS iPhone Web Malware Client Side Exploits Serving Web Malware Exploitation Kit,domain,gunbet.ac,#coruna #indicators of compromise #coruna ios iphone web malware #client-side exploits #iphone #exploitation kit #web malware #ios,https://otx.alienvault.com/pulse/69b891c1dc6a9f2f666e3cc5
2026-03-17 17:54:38,A Slopoly start to AI-enhanced ransomware attacks,domain,gzip-picked-istanbul-maple.trycloudflare.com,#nodesnake #ai-generated malware #cybercrime #ransomware #slopoly #clickfix #interlockrat #interlock,https://otx.alienvault.com/pulse/69b934133afeb115e5169568
2026-03-17 17:54:39,Investigating a new Click-fix variant,domain,happyglamper.ro,#clickfix,https://otx.alienvault.com/pulse/69b7db3dcc28a49fbcbad5df
2026-03-17 17:54:38,IoCs (Indicators of Compromise) for the Coruna iOS iPhone Web Malware Client Side Exploits Serving Web Malware Exploitation Kit,domain,hfteigt3kt0sf3z.xyz,#coruna #indicators of compromise #coruna ios iphone web malware #client-side exploits #iphone #exploitation kit #web malware #ios,https://otx.alienvault.com/pulse/69b891c1dc6a9f2f666e3cc5
2026-03-17 17:54:39,"Wide-scale, opportunistic SMS pumping attacks target customer sign-up pages",domain,homingpigeon.org,#api attacks #multi-factor authentication #sms pumping #proxy services,https://otx.alienvault.com/pulse/69b4567b03ea40d6ffd8a0f7
2026-03-17 17:54:38,IoCs (Indicators of Compromise) for the Coruna iOS iPhone Web Malware Client Side Exploits Serving Web Malware Exploitation Kit,domain,hui4tbh9uv9x4yi.xyz,#coruna #indicators of compromise #coruna ios iphone web malware #client-side exploits #iphone #exploitation kit #web malware #ios,https://otx.alienvault.com/pulse/69b891c1dc6a9f2f666e3cc5
2026-03-17 17:54:38,IoCs (Indicators of Compromise) for the Coruna iOS iPhone Web Malware Client Side Exploits Serving Web Malware Exploitation Kit,domain,i.binaner.com,#coruna #indicators of compromise #coruna ios iphone web malware #client-side exploits #iphone #exploitation kit #web malware #ios,https://otx.alienvault.com/pulse/69b891c1dc6a9f2f666e3cc5
2026-03-17 17:54:38,IoCs (Indicators of Compromise) for the Coruna iOS iPhone Web Malware Client Side Exploits Serving Web Malware Exploitation Kit,domain,i9-bet.ac,#coruna #indicators of compromise #coruna ios iphone web malware #client-side exploits #iphone #exploitation kit #web malware #ios,https://otx.alienvault.com/pulse/69b891c1dc6a9f2f666e3cc5
2026-03-17 17:54:38,Hydra Saiga: Covert Espionage and Infiltration of Critical Utilities,domain,inbox.mailkeyboard.com,#kazakhstan #jlorat #custom implants #espionage #central asia #water resources #critical infrastructure #energy sector #telemiris #telegram,https://otx.alienvault.com/pulse/69b9350760e55cbccb5bb598
2026-03-17 17:54:38,Hydra Saiga: Covert Espionage and Infiltration of Critical Utilities,domain,inboxsession.info,#kazakhstan #jlorat #custom implants #espionage #central asia #water resources #critical infrastructure #energy sector #telemiris #telegram,https://otx.alienvault.com/pulse/69b9350760e55cbccb5bb598
2026-03-17 17:54:38,IoCs (Indicators of Compromise) for the Coruna iOS iPhone Web Malware Client Side Exploits Serving Web Malware Exploitation Kit,domain,ios.teegrom.top,#coruna #indicators of compromise #coruna ios iphone web malware #client-side exploits #iphone #exploitation kit #web malware #ios,https://otx.alienvault.com/pulse/69b891c1dc6a9f2f666e3cc5
2026-03-17 17:54:38,IoCs (Indicators of Compromise) for the Coruna iOS iPhone Web Malware Client Side Exploits Serving Web Malware Exploitation Kit,domain,iphonex.mjdqw.cn,#coruna #indicators of compromise #coruna ios iphone web malware #client-side exploits #iphone #exploitation kit #web malware #ios,https://otx.alienvault.com/pulse/69b891c1dc6a9f2f666e3cc5
2026-03-17 17:54:40,Iran conflict drives heightened espionage activity against Middle East targets,domain,iran.dashboard.1drvms.store,#rust backdoor #iran conflict #cobalt strike #phishing #cyber espionage #state-sponsored actors #government targets,https://otx.alienvault.com/pulse/69b18928a9cb5b794dd0e2cb
2026-03-17 17:54:39,Storm-2561 uses SEO poisoning to distribute fake VPN clients for credential theft,domain,ivanti-pulsesecure.com,#credential theft #code signing #vpn #seo poisoning #hyrax,https://otx.alienvault.com/pulse/69b7da9f7950cc3e720bfb13
2026-03-17 17:54:39,Storm-2561 uses SEO poisoning to distribute fake VPN clients for credential theft,domain,ivanti-secure-access.de,#credential theft #code signing #vpn #seo poisoning #hyrax,https://otx.alienvault.com/pulse/69b7da9f7950cc3e720bfb13
2026-03-17 17:54:39,Storm-2561 uses SEO poisoning to distribute fake VPN clients for credential theft,domain,ivanti-vpn.org,#credential theft #code signing #vpn #seo poisoning #hyrax,https://otx.alienvault.com/pulse/69b7da9f7950cc3e720bfb13
2026-03-17 17:54:40,Iran conflict drives heightened espionage activity against Middle East targets,domain,iwsmailserver.com,#rust backdoor #iran conflict #cobalt strike #phishing #cyber espionage #state-sponsored actors #government targets,https://otx.alienvault.com/pulse/69b18928a9cb5b794dd0e2cb
2026-03-17 17:54:38,A Slopoly start to AI-enhanced ransomware attacks,domain,jane-practitioner-lightning-preservation.trycloudflare.com,#nodesnake #ai-generated malware #cybercrime #ransomware #slopoly #clickfix #interlockrat #interlock,https://otx.alienvault.com/pulse/69b934133afeb115e5169568
2026-03-17 17:54:39,"Wide-scale, opportunistic SMS pumping attacks target customer sign-up pages",domain,kakdela.net,#api attacks #multi-factor authentication #sms pumping #proxy services,https://otx.alienvault.com/pulse/69b4567b03ea40d6ffd8a0f7
2026-03-17 17:54:38,IoCs (Indicators of Compromise) for the Coruna iOS iPhone Web Malware Client Side Exploits Serving Web Malware Exploitation Kit,domain,kanav.blog,#coruna #indicators of compromise #coruna ios iphone web malware #client-side exploits #iphone #exploitation kit #web malware #ios,https://otx.alienvault.com/pulse/69b891c1dc6a9f2f666e3cc5
2026-03-17 17:54:38,A Slopoly start to AI-enhanced ransomware attacks,domain,lamp-voters-biodiversity-phillips.trycloudflare.com,#nodesnake #ai-generated malware #cybercrime #ransomware #slopoly #clickfix #interlockrat #interlock,https://otx.alienvault.com/pulse/69b934133afeb115e5169568
2026-03-17 17:54:38,IoCs (Indicators of Compromise) for the Coruna iOS iPhone Web Malware Client Side Exploits Serving Web Malware Exploitation Kit,domain,land.777bingos.xyz,#coruna #indicators of compromise #coruna ios iphone web malware #client-side exploits #iphone #exploitation kit #web malware #ios,https://otx.alienvault.com/pulse/69b891c1dc6a9f2f666e3cc5
2026-03-17 17:54:38,IoCs (Indicators of Compromise) for the Coruna iOS iPhone Web Malware Client Side Exploits Serving Web Malware Exploitation Kit,domain,land.77bingos.com,#coruna #indicators of compromise #coruna ios iphone web malware #client-side exploits #iphone #exploitation kit #web malware #ios,https://otx.alienvault.com/pulse/69b891c1dc6a9f2f666e3cc5
2026-03-17 17:54:38,IoCs (Indicators of Compromise) for the Coruna iOS iPhone Web Malware Client Side Exploits Serving Web Malware Exploitation Kit,domain,land.bingo777.now,#coruna #indicators of compromise #coruna ios iphone web malware #client-side exploits #iphone #exploitation kit #web malware #ios,https://otx.alienvault.com/pulse/69b891c1dc6a9f2f666e3cc5
2026-03-17 17:54:38,IoCs (Indicators of Compromise) for the Coruna iOS iPhone Web Malware Client Side Exploits Serving Web Malware Exploitation Kit,domain,lddx3z2d72aa8i6.xyz,#coruna #indicators of compromise #coruna ios iphone web malware #client-side exploits #iphone #exploitation kit #web malware #ios,https://otx.alienvault.com/pulse/69b891c1dc6a9f2f666e3cc5
2026-03-17 17:54:39,"Wide-scale, opportunistic SMS pumping attacks target customer sign-up pages",domain,letters.monster,#api attacks #multi-factor authentication #sms pumping #proxy services,https://otx.alienvault.com/pulse/69b4567b03ea40d6ffd8a0f7
2026-03-17 17:54:38,A Slopoly start to AI-enhanced ransomware attacks,domain,liverpool-patterns-lanes-specified.trycloudflare.com,#nodesnake #ai-generated malware #cybercrime #ransomware #slopoly #clickfix #interlockrat #interlock,https://otx.alienvault.com/pulse/69b934133afeb115e5169568
2026-03-17 17:54:38,IoCs (Indicators of Compromise) for the Coruna iOS iPhone Web Malware Client Side Exploits Serving Web Malware Exploitation Kit,domain,lk4x6x2ejxaw2br.xyz,#coruna #indicators of compromise #coruna ios iphone web malware #client-side exploits #iphone #exploitation kit #web malware #ios,https://otx.alienvault.com/pulse/69b891c1dc6a9f2f666e3cc5
2026-03-17 17:54:38,A Slopoly start to AI-enhanced ransomware attacks,domain,logan-practitioners-percent-cartridges.trycloudflare.com,#nodesnake #ai-generated malware #cybercrime #ransomware #slopoly #clickfix #interlockrat #interlock,https://otx.alienvault.com/pulse/69b934133afeb115e5169568
2026-03-17 17:54:39,"Wide-scale, opportunistic SMS pumping attacks target customer sign-up pages",domain,lostspaceship.net,#api attacks #multi-factor authentication #sms pumping #proxy services,https://otx.alienvault.com/pulse/69b4567b03ea40d6ffd8a0f7
2026-03-17 17:54:38,IoCs (Indicators of Compromise) for the Coruna iOS iPhone Web Malware Client Side Exploits Serving Web Malware Exploitation Kit,domain,lsnngjyu9x6vcg0.xyz,#coruna #indicators of compromise #coruna ios iphone web malware #client-side exploits #iphone #exploitation kit #web malware #ios,https://otx.alienvault.com/pulse/69b891c1dc6a9f2f666e3cc5
2026-03-17 17:54:40,Iran conflict drives heightened espionage activity against Middle East targets,domain,mail.iwsmailserver.com,#rust backdoor #iran conflict #cobalt strike #phishing #cyber espionage #state-sponsored actors #government targets,https://otx.alienvault.com/pulse/69b18928a9cb5b794dd0e2cb
2026-03-17 17:54:38,Hydra Saiga: Covert Espionage and Infiltration of Critical Utilities,domain,mailboxarea.cloud,#kazakhstan #jlorat #custom implants #espionage #central asia #water resources #critical infrastructure #energy sector #telemiris #telegram,https://otx.alienvault.com/pulse/69b9350760e55cbccb5bb598
2026-03-17 17:54:38,Hydra Saiga: Covert Espionage and Infiltration of Critical Utilities,domain,mailkeyboard.com,#kazakhstan #jlorat #custom implants #espionage #central asia #water resources #critical infrastructure #energy sector #telemiris #telegram,https://otx.alienvault.com/pulse/69b9350760e55cbccb5bb598
2026-03-17 17:54:38,Boggy Serpens Threat Assessment,domain,maxisteq.org,#maritime #nuso #lamporat #ai-enhanced malware #trusted relationship compromise #energy #iranian #cyberespionage #udpgangster #critical infrastructure #blackbeard #phoenix #ghostbackdoor #social engineering,https://otx.alienvault.com/pulse/69b91b4202446dd5143da7c3
2026-03-17 17:54:40,Iran conflict drives heightened espionage activity against Middle East targets,domain,med.gov.sy,#rust backdoor #iran conflict #cobalt strike #phishing #cyber espionage #state-sponsored actors #government targets,https://otx.alienvault.com/pulse/69b18928a9cb5b794dd0e2cb
2026-03-17 17:54:38,A Slopoly start to AI-enhanced ransomware attacks,domain,meet-noted-tax-qualification.trycloudflare.com,#nodesnake #ai-generated malware #cybercrime #ransomware #slopoly #clickfix #interlockrat #interlock,https://otx.alienvault.com/pulse/69b934133afeb115e5169568
2026-03-17 17:54:38,Hydra Saiga: Covert Espionage and Infiltration of Critical Utilities,domain,message.mailboxarea.cloud,#kazakhstan #jlorat #custom implants #espionage #central asia #water resources #critical infrastructure #energy sector #telemiris #telegram,https://otx.alienvault.com/pulse/69b9350760e55cbccb5bb598
2026-03-17 17:54:39,"Wide-scale, opportunistic SMS pumping attacks target customer sign-up pages",domain,message.rest,#api attacks #multi-factor authentication #sms pumping #proxy services,https://otx.alienvault.com/pulse/69b4567b03ea40d6ffd8a0f7
2026-03-17 17:54:40,Employee Monitoring and SimpleHelp Software Abused in Ransomware Operations,domain,microuptime.com,#cryptocurrency #ransomware #voidcrypt #net monitor #employee monitoring #remote access #vpn compromise #crazy #crazy ransomware #simplehelp,https://otx.alienvault.com/pulse/698dadc46c71569240154489
2026-03-17 17:54:38,Boggy Serpens Threat Assessment,domain,miniquest.org,#maritime #nuso #lamporat #ai-enhanced malware #trusted relationship compromise #energy #iranian #cyberespionage #udpgangster #critical infrastructure #blackbeard #phoenix #ghostbackdoor #social engineering,https://otx.alienvault.com/pulse/69b91b4202446dd5143da7c3
2026-03-17 17:54:38,A Slopoly start to AI-enhanced ransomware attacks,domain,misc-elliott-mouth-leading.trycloudflare.com,#nodesnake #ai-generated malware #cybercrime #ransomware #slopoly #clickfix #interlockrat #interlock,https://otx.alienvault.com/pulse/69b934133afeb115e5169568
2026-03-17 17:54:38,IoCs (Indicators of Compromise) for the Coruna iOS iPhone Web Malware Client Side Exploits Serving Web Malware Exploitation Kit,domain,mkkku.com,#coruna #indicators of compromise #coruna ios iphone web malware #client-side exploits #iphone #exploitation kit #web malware #ios,https://otx.alienvault.com/pulse/69b891c1dc6a9f2f666e3cc5
2026-03-17 17:54:38,A Slopoly start to AI-enhanced ransomware attacks,domain,module-source-tree-diverse.trycloudflare.com,#nodesnake #ai-generated malware #cybercrime #ransomware #slopoly #clickfix #interlockrat #interlock,https://otx.alienvault.com/pulse/69b934133afeb115e5169568
2026-03-17 17:54:40,Iran conflict drives heightened espionage activity against Middle East targets,domain,mofa.gov.iq,#rust backdoor #iran conflict #cobalt strike #phishing #cyber espionage #state-sponsored actors #government targets,https://otx.alienvault.com/pulse/69b18928a9cb5b794dd0e2cb
2026-03-17 17:54:38,A Slopoly start to AI-enhanced ransomware attacks,domain,moore-cgi-pen-drove.trycloudflare.com,#nodesnake #ai-generated malware #cybercrime #ransomware #slopoly #clickfix #interlockrat #interlock,https://otx.alienvault.com/pulse/69b934133afeb115e5169568
2026-03-17 17:54:38,Hydra Saiga: Covert Espionage and Infiltration of Critical Utilities,domain,mosreg.docworldme.com,#kazakhstan #jlorat #custom implants #espionage #central asia #water resources #critical infrastructure #energy sector #telemiris #telegram,https://otx.alienvault.com/pulse/69b9350760e55cbccb5bb598
2026-03-17 17:54:39,Storm-2561 uses SEO poisoning to distribute fake VPN clients for credential theft,domain,myconnection.pro,#credential theft #code signing #vpn #seo poisoning #hyrax,https://otx.alienvault.com/pulse/69b7da9f7950cc3e720bfb13
2026-03-17 17:54:39,GoPix banking Trojan targeting Brazilian financial institutions,domain,mydigitalrevival.com,#memory-only implant #obfuscation #cryptocurrency #malvertising #banking trojan #brazil #gopix #man-in-the-middle #boleto #powershell #pix,https://otx.alienvault.com/pulse/69b81e54cf83df8f4401d65d
2026-03-17 17:54:39,"Wide-scale, opportunistic SMS pumping attacks target customer sign-up pages",domain,mypost.lol,#api attacks #multi-factor authentication #sms pumping #proxy services,https://otx.alienvault.com/pulse/69b4567b03ea40d6ffd8a0f7
2026-03-17 17:54:38,Hydra Saiga: Covert Espionage and Infiltration of Critical Utilities,domain,naryncity.kg,#kazakhstan #jlorat #custom implants #espionage #central asia #water resources #critical infrastructure #energy sector #telemiris #telegram,https://otx.alienvault.com/pulse/69b9350760e55cbccb5bb598
2026-03-17 17:54:40,Stolen Service Accounts Lead to Rogue Workstations and Deep AD Compromise,domain,ndibstersoft.com,#fortigate #ngfw #credential theft #cve-2025-59719 #cve-2025-59718 #rmm tools #cve-2026-24858 #lateral movement,https://otx.alienvault.com/pulse/69b14da61bf814f470228146
2026-03-17 17:54:40,Stolen Service Accounts Lead to Rogue Workstations and Deep AD Compromise,domain,neremedysoft.com,#fortigate #ngfw #credential theft #cve-2025-59719 #cve-2025-59718 #rmm tools #cve-2026-24858 #lateral movement,https://otx.alienvault.com/pulse/69b14da61bf814f470228146
2026-03-17 17:54:40,Employee Monitoring and SimpleHelp Software Abused in Ransomware Operations,domain,networklookout.com,#cryptocurrency #ransomware #voidcrypt #net monitor #employee monitoring #remote access #vpn compromise #crazy #crazy ransomware #simplehelp,https://otx.alienvault.com/pulse/698dadc46c71569240154489
2026-03-17 17:54:38,A Slopoly start to AI-enhanced ransomware attacks,domain,offers-listing-screenshot-alpha.trycloudflare.com,#nodesnake #ai-generated malware #cybercrime #ransomware #slopoly #clickfix #interlockrat #interlock,https://otx.alienvault.com/pulse/69b934133afeb115e5169568
2026-03-17 17:54:38,IoCs (Indicators of Compromise) for the Coruna iOS iPhone Web Malware Client Side Exploits Serving Web Malware Exploitation Kit,domain,ol67el6pxg03ad7.xyz,#coruna #indicators of compromise #coruna ios iphone web malware #client-side exploits #iphone #exploitation kit #web malware #ios,https://otx.alienvault.com/pulse/69b891c1dc6a9f2f666e3cc5
2026-03-17 17:54:38,IoCs (Indicators of Compromise) for the Coruna iOS iPhone Web Malware Client Side Exploits Serving Web Malware Exploitation Kit,domain,ose.668ddf.cc,#coruna #indicators of compromise #coruna ios iphone web malware #client-side exploits #iphone #exploitation kit #web malware #ios,https://otx.alienvault.com/pulse/69b891c1dc6a9f2f666e3cc5
2026-03-17 17:54:38,IoCs (Indicators of Compromise) for the Coruna iOS iPhone Web Malware Client Side Exploits Serving Web Malware Exploitation Kit,domain,osec2.668ddf.cc,#coruna #indicators of compromise #coruna ios iphone web malware #client-side exploits #iphone #exploitation kit #web malware #ios,https://otx.alienvault.com/pulse/69b891c1dc6a9f2f666e3cc5
2026-03-17 17:54:39,GoPix banking Trojan targeting Brazilian financial institutions,domain,paletolife.com,#memory-only implant #obfuscation #cryptocurrency #malvertising #banking trojan #brazil #gopix #man-in-the-middle #boleto #powershell #pix,https://otx.alienvault.com/pulse/69b81e54cf83df8f4401d65d
2026-03-17 17:54:38,IoCs (Indicators of Compromise) for the Coruna iOS iPhone Web Malware Client Side Exploits Serving Web Malware Exploitation Kit,domain,pen0axt0u476duw.xyz,#coruna #indicators of compromise #coruna ios iphone web malware #client-side exploits #iphone #exploitation kit #web malware #ios,https://otx.alienvault.com/pulse/69b891c1dc6a9f2f666e3cc5
2026-03-17 17:54:38,IoCs (Indicators of Compromise) for the Coruna iOS iPhone Web Malware Client Side Exploits Serving Web Malware Exploitation Kit,domain,pepeairdrop01.com,#coruna #indicators of compromise #coruna ios iphone web malware #client-side exploits #iphone #exploitation kit #web malware #ios,https://otx.alienvault.com/pulse/69b891c1dc6a9f2f666e3cc5
2026-03-17 17:54:38,A Slopoly start to AI-enhanced ransomware attacks,domain,planners-mixing-edmonton-endless.trycloudflare.com,#nodesnake #ai-generated malware #cybercrime #ransomware #slopoly #clickfix #interlockrat #interlock,https://otx.alienvault.com/pulse/69b934133afeb115e5169568
2026-03-17 17:54:38,A Slopoly start to AI-enhanced ransomware attacks,domain,playback-attributes-interviews-processing.trycloudflare.com,#nodesnake #ai-generated malware #cybercrime #ransomware #slopoly #clickfix #interlockrat #interlock,https://otx.alienvault.com/pulse/69b934133afeb115e5169568
2026-03-17 17:54:38,Endgame Harvesting: Inside ACRStealer's Modern Infrastructure,domain,playtogga.com,#hijackloader #data-theft #gaming-malware #acrstealer #evasion #browser-exploitation #c2-communication #maas #lummastealer #syscalls,https://otx.alienvault.com/pulse/69b933387cae1fdd763ccb36
2026-03-17 17:54:38,A Slopoly start to AI-enhanced ransomware attacks,domain,plurfestivalgalaxy.com,#nodesnake #ai-generated malware #cybercrime #ransomware #slopoly #clickfix #interlockrat #interlock,https://otx.alienvault.com/pulse/69b934133afeb115e5169568
2026-03-17 17:54:39,Storm-2561 uses SEO poisoning to distribute fake VPN clients for credential theft,domain,pn-connection.pro,#credential theft #code signing #vpn #seo poisoning #hyrax,https://otx.alienvault.com/pulse/69b7da9f7950cc3e720bfb13
2026-03-17 17:54:38,A Slopoly start to AI-enhanced ransomware attacks,domain,postal-ssl-converted-quantity.trycloudflare.com,#nodesnake #ai-generated malware #cybercrime #ransomware #slopoly #clickfix #interlockrat #interlock,https://otx.alienvault.com/pulse/69b934133afeb115e5169568
2026-03-17 17:54:39,"Wide-scale, opportunistic SMS pumping attacks target customer sign-up pages",domain,postalbro.com,#api attacks #multi-factor authentication #sms pumping #proxy services,https://otx.alienvault.com/pulse/69b4567b03ea40d6ffd8a0f7
2026-03-17 17:54:38,Boggy Serpens Threat Assessment,domain,promoverse.org,#maritime #nuso #lamporat #ai-enhanced malware #trusted relationship compromise #energy #iranian #cyberespionage #udpgangster #critical infrastructure #blackbeard #phoenix #ghostbackdoor #social engineering,https://otx.alienvault.com/pulse/69b91b4202446dd5143da7c3
2026-03-17 17:54:39,"Wide-scale, opportunistic SMS pumping attacks target customer sign-up pages",domain,protonbox.pro,#api attacks #multi-factor authentication #sms pumping #proxy services,https://otx.alienvault.com/pulse/69b4567b03ea40d6ffd8a0f7
2026-03-17 17:54:38,Hydra Saiga: Covert Espionage and Infiltration of Critical Utilities,domain,pweobmxdlboi.com,#kazakhstan #jlorat #custom implants #espionage #central asia #water resources #critical infrastructure #energy sector #telemiris #telegram,https://otx.alienvault.com/pulse/69b9350760e55cbccb5bb598
2026-03-17 17:54:39,Phishers hide scam links with IPv6 trick in 'free toothbrush' emails,domain,redirectingherenow.com,#email scam #pii theft #phishing,https://otx.alienvault.com/pulse/69b7da2d8e7e63b7e768049a
2026-03-17 17:54:39,Phishers hide scam links with IPv6 trick in 'free toothbrush' emails,domain,redirectofferid.pro,#email scam #pii theft #phishing,https://otx.alienvault.com/pulse/69b7da2d8e7e63b7e768049a
2026-03-17 17:54:38,Boggy Serpens Threat Assessment,domain,reminders.trahum.org,#maritime #nuso #lamporat #ai-enhanced malware #trusted relationship compromise #energy #iranian #cyberespionage #udpgangster #critical infrastructure #blackbeard #phoenix #ghostbackdoor #social engineering,https://otx.alienvault.com/pulse/69b91b4202446dd5143da7c3
2026-03-17 17:54:38,IoCs (Indicators of Compromise) for the Coruna iOS iPhone Web Malware Client Side Exploits Serving Web Malware Exploitation Kit,domain,res54allb.xn--xkrsa0078bd6d.com,#coruna #indicators of compromise #coruna ios iphone web malware #client-side exploits #iphone #exploitation kit #web malware #ios,https://otx.alienvault.com/pulse/69b891c1dc6a9f2f666e3cc5
2026-03-17 17:54:38,IoCs (Indicators of Compromise) for the Coruna iOS iPhone Web Malware Client Side Exploits Serving Web Malware Exploitation Kit,domain,rlau616jc7a7f7i.xyz,#coruna #indicators of compromise #coruna ios iphone web malware #client-side exploits #iphone #exploitation kit #web malware #ios,https://otx.alienvault.com/pulse/69b891c1dc6a9f2f666e3cc5
2026-03-17 17:54:39,"Wide-scale, opportunistic SMS pumping attacks target customer sign-up pages",domain,rocketpost.org,#api attacks #multi-factor authentication #sms pumping #proxy services,https://otx.alienvault.com/pulse/69b4567b03ea40d6ffd8a0f7
2026-03-17 17:54:38,IoCs (Indicators of Compromise) for the Coruna iOS iPhone Web Malware Client Side Exploits Serving Web Malware Exploitation Kit,domain,roy2tlop2u.xyz,#coruna #indicators of compromise #coruna ios iphone web malware #client-side exploits #iphone #exploitation kit #web malware #ios,https://otx.alienvault.com/pulse/69b891c1dc6a9f2f666e3cc5
2026-03-17 17:54:38,A Slopoly start to AI-enhanced ransomware attacks,domain,rpm-chicken-during-staying.trycloudflare.com,#nodesnake #ai-generated malware #cybercrime #ransomware #slopoly #clickfix #interlockrat #interlock,https://otx.alienvault.com/pulse/69b934133afeb115e5169568
2026-03-17 17:54:38,IoCs (Indicators of Compromise) for the Coruna iOS iPhone Web Malware Client Side Exploits Serving Web Malware Exploitation Kit,domain,sadjd.mijieqi.cn,#coruna #indicators of compromise #coruna ios iphone web malware #client-side exploits #iphone #exploitation kit #web malware #ios,https://otx.alienvault.com/pulse/69b891c1dc6a9f2f666e3cc5
2026-03-17 17:54:38,A Slopoly start to AI-enhanced ransomware attacks,domain,safe-accepted-salem-early.trycloudflare.com,#nodesnake #ai-generated malware #cybercrime #ransomware #slopoly #clickfix #interlockrat #interlock,https://otx.alienvault.com/pulse/69b934133afeb115e5169568
2026-03-17 17:54:38,IoCs (Indicators of Compromise) for the Coruna iOS iPhone Web Malware Client Side Exploits Serving Web Malware Exploitation Kit,domain,sbet.ac,#coruna #indicators of compromise #coruna ios iphone web malware #client-side exploits #iphone #exploitation kit #web malware #ios,https://otx.alienvault.com/pulse/69b891c1dc6a9f2f666e3cc5
2026-03-17 17:54:38,Boggy Serpens Threat Assessment,domain,screenai.online,#maritime #nuso #lamporat #ai-enhanced malware #trusted relationship compromise #energy #iranian #cyberespionage #udpgangster #critical infrastructure #blackbeard #phoenix #ghostbackdoor #social engineering,https://otx.alienvault.com/pulse/69b91b4202446dd5143da7c3
2026-03-17 17:54:38,A Slopoly start to AI-enhanced ransomware attacks,domain,screenshots-executive-joins-hammer.trycloudflare.com,#nodesnake #ai-generated malware #cybercrime #ransomware #slopoly #clickfix #interlockrat #interlock,https://otx.alienvault.com/pulse/69b934133afeb115e5169568
2026-03-17 17:54:39,"Wide-scale, opportunistic SMS pumping attacks target customer sign-up pages",domain,sendme.digital,#api attacks #multi-factor authentication #sms pumping #proxy services,https://otx.alienvault.com/pulse/69b4567b03ea40d6ffd8a0f7
2026-03-17 17:54:40,CastleRAT attack first to abuse Deno JavaScript runtime to evade enterprise security,domain,serialmenot.com,#clickfix #social engineering #castlerat #deno #javascript #api abuse,https://otx.alienvault.com/pulse/69b14da6cb1bf921c7ac6d22
2026-03-17 17:54:38,IoCs (Indicators of Compromise) for the Coruna iOS iPhone Web Malware Client Side Exploits Serving Web Malware Exploitation Kit,domain,seven7.vip,#coruna #indicators of compromise #coruna ios iphone web malware #client-side exploits #iphone #exploitation kit #web malware #ios,https://otx.alienvault.com/pulse/69b891c1dc6a9f2f666e3cc5
2026-03-17 17:54:38,IoCs (Indicators of Compromise) for the Coruna iOS iPhone Web Malware Client Side Exploits Serving Web Malware Exploitation Kit,domain,sf2bisx5nhdkygn3l.xyz,#coruna #indicators of compromise #coruna ios iphone web malware #client-side exploits #iphone #exploitation kit #web malware #ios,https://otx.alienvault.com/pulse/69b891c1dc6a9f2f666e3cc5
2026-03-17 17:54:38,A Slopoly start to AI-enhanced ransomware attacks,domain,silk-lift-porter-correctly.trycloudflare.com,#nodesnake #ai-generated malware #cybercrime #ransomware #slopoly #clickfix #interlockrat #interlock,https://otx.alienvault.com/pulse/69b934133afeb115e5169568
2026-03-17 17:54:38,IoCs (Indicators of Compromise) for the Coruna iOS iPhone Web Malware Client Side Exploits Serving Web Malware Exploitation Kit,domain,sj9ioz3a7y89cy7.xyz,#coruna #indicators of compromise #coruna ios iphone web malware #client-side exploits #iphone #exploitation kit #web malware #ios,https://otx.alienvault.com/pulse/69b891c1dc6a9f2f666e3cc5
2026-03-17 17:54:40,AI/LLM-Generated Malware Used to Exploit React2Shell,domain,smplu.link,#xmrig #crypto mining #llm #ai-generated malware #cve-2025-55182 #react2shell,https://otx.alienvault.com/pulse/698b6edf3ed1fb010015cd2d
2026-03-17 17:54:38,IoCs (Indicators of Compromise) for the Coruna iOS iPhone Web Malware Client Side Exploits Serving Web Malware Exploitation Kit,domain,so5083.tubeluck.com,#coruna #indicators of compromise #coruna ios iphone web malware #client-side exploits #iphone #exploitation kit #web malware #ios,https://otx.alienvault.com/pulse/69b891c1dc6a9f2f666e3cc5
2026-03-17 17:54:39,Storm-2561 uses SEO poisoning to distribute fake VPN clients for credential theft,domain,sonicwall-netextender.nl,#credential theft #code signing #vpn #seo poisoning #hyrax,https://otx.alienvault.com/pulse/69b7da9f7950cc3e720bfb13
2026-03-17 17:54:39,Storm-2561 uses SEO poisoning to distribute fake VPN clients for credential theft,domain,sophos-connect.org,#credential theft #code signing #vpn #seo poisoning #hyrax,https://otx.alienvault.com/pulse/69b7da9f7950cc3e720bfb13
2026-03-17 17:54:39,"Wide-scale, opportunistic SMS pumping attacks target customer sign-up pages",domain,specialmail.online,#api attacks #multi-factor authentication #sms pumping #proxy services,https://otx.alienvault.com/pulse/69b4567b03ea40d6ffd8a0f7
2026-03-17 17:54:38,A Slopoly start to AI-enhanced ransomware attacks,domain,specials-storm-height-warriors.trycloudflare.com,#nodesnake #ai-generated malware #cybercrime #ransomware #slopoly #clickfix #interlockrat #interlock,https://otx.alienvault.com/pulse/69b934133afeb115e5169568
2026-03-17 17:54:38,Hydra Saiga: Covert Espionage and Infiltration of Critical Utilities,domain,ss.qwadx.com,#kazakhstan #jlorat #custom implants #espionage #central asia #water resources #critical infrastructure #energy sector #telemiris #telegram,https://otx.alienvault.com/pulse/69b9350760e55cbccb5bb598
2026-03-17 17:54:38,Boggy Serpens Threat Assessment,domain,stratioai.org,#maritime #nuso #lamporat #ai-enhanced malware #trusted relationship compromise #energy #iranian #cyberespionage #udpgangster #critical infrastructure #blackbeard #phoenix #ghostbackdoor #social engineering,https://otx.alienvault.com/pulse/69b91b4202446dd5143da7c3
2026-03-17 17:54:40,Iran conflict drives heightened espionage activity against Middle East targets,domain,support.almersalstore.com,#rust backdoor #iran conflict #cobalt strike #phishing #cyber espionage #state-sponsored actors #government targets,https://otx.alienvault.com/pulse/69b18928a9cb5b794dd0e2cb
2026-03-17 17:54:38,IoCs (Indicators of Compromise) for the Coruna iOS iPhone Web Malware Client Side Exploits Serving Web Malware Exploitation Kit,domain,taisunwin.ac,#coruna #indicators of compromise #coruna ios iphone web malware #client-side exploits #iphone #exploitation kit #web malware #ios,https://otx.alienvault.com/pulse/69b891c1dc6a9f2f666e3cc5
2026-03-17 17:54:40,Employee Monitoring and SimpleHelp Software Abused in Ransomware Operations,domain,telesupportgroup.com,#cryptocurrency #ransomware #voidcrypt #net monitor #employee monitoring #remote access #vpn compromise #crazy #crazy ransomware #simplehelp,https://otx.alienvault.com/pulse/698dadc46c71569240154489
2026-03-17 17:54:40,Iran conflict drives heightened espionage activity against Middle East targets,domain,transfergocompany.com,#rust backdoor #iran conflict #cobalt strike #phishing #cyber espionage #state-sponsored actors #government targets,https://otx.alienvault.com/pulse/69b18928a9cb5b794dd0e2cb
2026-03-17 17:54:38,IoCs (Indicators of Compromise) for the Coruna iOS iPhone Web Malware Client Side Exploits Serving Web Malware Exploitation Kit,domain,tubeluck.com,#coruna #indicators of compromise #coruna ios iphone web malware #client-side exploits #iphone #exploitation kit #web malware #ios,https://otx.alienvault.com/pulse/69b891c1dc6a9f2f666e3cc5
2026-03-17 17:54:38,IoCs (Indicators of Compromise) for the Coruna iOS iPhone Web Malware Client Side Exploits Serving Web Malware Exploitation Kit,domain,uawwydy3qas6ykv.xyz,#coruna #indicators of compromise #coruna ios iphone web malware #client-side exploits #iphone #exploitation kit #web malware #ios,https://otx.alienvault.com/pulse/69b891c1dc6a9f2f666e3cc5
2026-03-17 17:54:39,"Wide-scale, opportunistic SMS pumping attacks target customer sign-up pages",domain,ultramail.pro,#api attacks #multi-factor authentication #sms pumping #proxy services,https://otx.alienvault.com/pulse/69b4567b03ea40d6ffd8a0f7
2026-03-17 17:54:40,Iran conflict drives heightened espionage activity against Middle East targets,domain,unityprogressall.org,#rust backdoor #iran conflict #cobalt strike #phishing #cyber espionage #state-sponsored actors #government targets,https://otx.alienvault.com/pulse/69b18928a9cb5b794dd0e2cb
2026-03-17 17:54:38,IoCs (Indicators of Compromise) for the Coruna iOS iPhone Web Malware Client Side Exploits Serving Web Malware Exploitation Kit,domain,v2gmupm7o4zihc3.xyz,#coruna #indicators of compromise #coruna ios iphone web malware #client-side exploits #iphone #exploitation kit #web malware #ios,https://otx.alienvault.com/pulse/69b891c1dc6a9f2f666e3cc5
2026-03-17 17:54:39,MAAS VIP_Keylogger Campaign,domain,varders.kozow.com,#spear-phishing #vip_keylogger #browser-targeting #process-hollowing,https://otx.alienvault.com/pulse/69b7e0b1a4e3419dfc024013
2026-03-17 17:54:39,Storm-2561 uses SEO poisoning to distribute fake VPN clients for credential theft,domain,vpn-fortinet.com,#credential theft #code signing #vpn #seo poisoning #hyrax,https://otx.alienvault.com/pulse/69b7da9f7950cc3e720bfb13
2026-03-17 17:54:38,IoCs (Indicators of Compromise) for the Coruna iOS iPhone Web Malware Client Side Exploits Serving Web Malware Exploitation Kit,domain,vvri8ocl4t3k8n6.xyz,#coruna #indicators of compromise #coruna ios iphone web malware #client-side exploits #iphone #exploitation kit #web malware #ios,https://otx.alienvault.com/pulse/69b891c1dc6a9f2f666e3cc5
2026-03-17 17:54:38,IoCs (Indicators of Compromise) for the Coruna iOS iPhone Web Malware Client Side Exploits Serving Web Malware Exploitation Kit,domain,w2a315.tubeluck.com,#coruna #indicators of compromise #coruna ios iphone web malware #client-side exploits #iphone #exploitation kit #web malware #ios,https://otx.alienvault.com/pulse/69b891c1dc6a9f2f666e3cc5
2026-03-17 17:54:38,Hacked sites deliver Vidar infostealer to Windows users,domain,walwood.be,#vidar #fake captcha #wordpress #golang loader #infostealer #windows #msi installer #hta script,https://otx.alienvault.com/pulse/69b91a3de2106fb26b3bff52
2026-03-17 17:54:40,Iran conflict drives heightened espionage activity against Middle East targets,domain,war.analyse.ltd,#rust backdoor #iran conflict #cobalt strike #phishing #cyber espionage #state-sponsored actors #government targets,https://otx.alienvault.com/pulse/69b18928a9cb5b794dd0e2cb
2026-03-17 17:54:39,GoPix banking Trojan targeting Brazilian financial institutions,domain,webmensagens4bb7.com,#memory-only implant #obfuscation #cryptocurrency #malvertising #banking trojan #brazil #gopix #man-in-the-middle #boleto #powershell #pix,https://otx.alienvault.com/pulse/69b81e54cf83df8f4401d65d
2026-03-17 17:54:39,"Wide-scale, opportunistic SMS pumping attacks target customer sign-up pages",domain,whyusoserious.org,#api attacks #multi-factor authentication #sms pumping #proxy services,https://otx.alienvault.com/pulse/69b4567b03ea40d6ffd8a0f7
2026-03-17 17:54:38,Hydra Saiga: Covert Espionage and Infiltration of Critical Utilities,domain,wincorpupdates.com,#kazakhstan #jlorat #custom implants #espionage #central asia #water resources #critical infrastructure #energy sector #telemiris #telegram,https://otx.alienvault.com/pulse/69b9350760e55cbccb5bb598
2026-03-17 17:54:39,"Wide-scale, opportunistic SMS pumping attacks target customer sign-up pages",domain,wirelicker.com,#api attacks #multi-factor authentication #sms pumping #proxy services,https://otx.alienvault.com/pulse/69b4567b03ea40d6ffd8a0f7
2026-03-17 17:54:38,A Slopoly start to AI-enhanced ransomware attacks,domain,wives-bufing-humans-prot.trycloudflare.com,#nodesnake #ai-generated malware #cybercrime #ransomware #slopoly #clickfix #interlockrat #interlock,https://otx.alienvault.com/pulse/69b934133afeb115e5169568
2026-03-17 17:54:38,Hacked sites deliver Vidar infostealer to Windows users,domain,woopresscdn.com,#vidar #fake captcha #wordpress #golang loader #infostealer #windows #msi installer #hta script,https://otx.alienvault.com/pulse/69b91a3de2106fb26b3bff52
2026-03-17 17:54:39,"Wide-scale, opportunistic SMS pumping attacks target customer sign-up pages",domain,writeme.live,#api attacks #multi-factor authentication #sms pumping #proxy services,https://otx.alienvault.com/pulse/69b4567b03ea40d6ffd8a0f7
2026-03-17 17:54:39,"Wide-scale, opportunistic SMS pumping attacks target customer sign-up pages",domain,writemeplz.net,#api attacks #multi-factor authentication #sms pumping #proxy services,https://otx.alienvault.com/pulse/69b4567b03ea40d6ffd8a0f7
2026-03-17 17:54:39,China-nexus Threat Actor Targets Persian Gulf Region With PlugX,domain,www.360printsol.com,#china-nexus #korplug #middle east conflict #destroyrat #kaba #sogu #thoper #plugx,https://otx.alienvault.com/pulse/69b7dacde783e4b5dec19bde
2026-03-17 17:54:40,RondoDox Botnet: From Zero to 174 Exploited Vulnerabilities,domain,x1337.cc,#ddos #xmrig #botnet #vulnerability exploitation #rondodox #iot,https://otx.alienvault.com/pulse/69b18f0dc8f031c3594cfcc9
2026-03-17 17:54:38,IoCs (Indicators of Compromise) for the Coruna iOS iPhone Web Malware Client Side Exploits Serving Web Malware Exploitation Kit,domain,xfal48cf0ies7ew.xyz,#coruna #indicators of compromise #coruna ios iphone web malware #client-side exploits #iphone #exploitation kit #web malware #ios,https://otx.alienvault.com/pulse/69b891c1dc6a9f2f666e3cc5
2026-03-17 17:54:38,IoCs (Indicators of Compromise) for the Coruna iOS iPhone Web Malware Client Side Exploits Serving Web Malware Exploitation Kit,domain,xittgveqaufogve.xyz,#coruna #indicators of compromise #coruna ios iphone web malware #client-side exploits #iphone #exploitation kit #web malware #ios,https://otx.alienvault.com/pulse/69b891c1dc6a9f2f666e3cc5
2026-03-17 17:54:38,IoCs (Indicators of Compromise) for the Coruna iOS iPhone Web Malware Client Side Exploits Serving Web Malware Exploitation Kit,domain,xjslbdt9jdijn15.xyz,#coruna #indicators of compromise #coruna ios iphone web malware #client-side exploits #iphone #exploitation kit #web malware #ios,https://otx.alienvault.com/pulse/69b891c1dc6a9f2f666e3cc5
2026-03-17 17:54:38,IoCs (Indicators of Compromise) for the Coruna iOS iPhone Web Malware Client Side Exploits Serving Web Malware Exploitation Kit,domain,xmmfrkq9oat1daq.xyz,#coruna #indicators of compromise #coruna ios iphone web malware #client-side exploits #iphone #exploitation kit #web malware #ios,https://otx.alienvault.com/pulse/69b891c1dc6a9f2f666e3cc5
2026-03-17 17:54:38,A Slopoly start to AI-enhanced ransomware attacks,domain,yen-hansen-cartoon-aims.trycloudflare.com,#nodesnake #ai-generated malware #cybercrime #ransomware #slopoly #clickfix #interlockrat #interlock,https://otx.alienvault.com/pulse/69b934133afeb115e5169568
2026-03-17 17:54:39,GoPix banking Trojan targeting Brazilian financial institutions,domain,yogarecap.com,#memory-only implant #obfuscation #cryptocurrency #malvertising #banking trojan #brazil #gopix #man-in-the-middle #boleto #powershell #pix,https://otx.alienvault.com/pulse/69b81e54cf83df8f4401d65d
2026-03-17 17:54:38,IoCs (Indicators of Compromise) for the Coruna iOS iPhone Web Malware Client Side Exploits Serving Web Malware Exploitation Kit,domain,yvgy29glwf72qnl.xyz,#coruna #indicators of compromise #coruna ios iphone web malware #client-side exploits #iphone #exploitation kit #web malware #ios,https://otx.alienvault.com/pulse/69b891c1dc6a9f2f666e3cc5
2026-03-17 17:54:38,IoCs (Indicators of Compromise) for the Coruna iOS iPhone Web Malware Client Side Exploits Serving Web Malware Exploitation Kit,domain,zcjdlb5ubkhy41u.xyz,#coruna #indicators of compromise #coruna ios iphone web malware #client-side exploits #iphone #exploitation kit #web malware #ios,https://otx.alienvault.com/pulse/69b891c1dc6a9f2f666e3cc5
2026-03-17 17:54:38,IoCs (Indicators of Compromise) for the Coruna iOS iPhone Web Malware Client Side Exploits Serving Web Malware Exploitation Kit,domain,ztvnhmhm4zj95w3.xyz,#coruna #indicators of compromise #coruna ios iphone web malware #client-side exploits #iphone #exploitation kit #web malware #ios,https://otx.alienvault.com/pulse/69b891c1dc6a9f2f666e3cc5
