2026-03-17 09:57:51,ClearFake,domain,00adv0.fabulos.in.net,#ClearFake,https://threatfox.abuse.ch/ioc/1769213/
2026-03-16 18:53:08,Unknown malware,domain,01001000.world,#BadCoin #ClickFix,https://threatfox.abuse.ch/ioc/1768546/
2026-03-17 17:51:52,ClearFake,domain,02kbny.inkpit.in.net,#ClearFake,https://threatfox.abuse.ch/ioc/1769444/
2026-03-17 14:08:58,ClearFake,domain,0rs331gq.flowwow.in.net,#ClearFake,https://threatfox.abuse.ch/ioc/1769320/
2026-03-17 06:00:19,XWorm,domain,1.tcp.vip.cpolar.cn,#c2 #domain #triage #XWorm,https://tria.ge/260317-f7a6qsez2v
2026-03-17 16:23:29,ClearFake,domain,11lu-spool.tempink.in.net,#ClearFake,https://threatfox.abuse.ch/ioc/1769425/
2026-03-17 07:19:01,ClearFake,domain,11mfvsu.norsdwest.in.net,#ClearFake,https://threatfox.abuse.ch/ioc/1769074/
2026-03-17 09:24:37,ClearFake,domain,18z4.blowoff.in.net,#ClearFake,https://threatfox.abuse.ch/ioc/1769149/
2026-03-17 06:52:41,ClearFake,domain,1ette6-graph.grosstao.in.net,#ClearFake,https://threatfox.abuse.ch/ioc/1769066/
2026-03-16 20:17:35,Unknown malware,domain,1ly.lol,#BadCoin #ClickFix,https://threatfox.abuse.ch/ioc/1768672/
2026-03-17 15:46:15,Unknown malware,domain,22g3uiuyqqa4txxuyvzmlyvlou4crrgfvgnvodrv3wrxcedtvjgx6aid.onion,#embargo #Ransomware,https://github.com/TheRavenFile/Daily-Hunt/blob/main/Embargo%20Ransomware
2026-03-17 11:37:13,ClearFake,domain,2dqe6hsl.norsdwest.in.net,#ClearFake,https://threatfox.abuse.ch/ioc/1769241/
2026-03-16 20:53:59,Unknown malware,domain,2sticksofram.lol,#BadCoin #ClickFix,https://threatfox.abuse.ch/ioc/1768741/
2026-03-17 09:45:36,Remcos,domain,34634634.com,#c2 #remcos,https://threatfox.abuse.ch/ioc/1769194/
2026-03-17 15:46:09,Unknown malware,domain,3kt5ouf4qxdkuzsct6zp3jxsqmtaqjsun3uvfdwbeuo2yizjp73ripyd.onion,#embargo #Ransomware,https://github.com/TheRavenFile/Daily-Hunt/blob/main/Embargo%20Ransomware
2026-03-17 05:13:29,ClearFake,domain,3nsojlm.cokenote.in.net,#ClearFake,https://threatfox.abuse.ch/ioc/1769028/
2026-03-17 13:09:09,ClearFake,domain,3sy50c1b.lakebit.digital,#ClearFake,https://threatfox.abuse.ch/ioc/1769288/
2026-03-16 20:31:49,ClearFake,domain,3xten9-dock.norsdwest.in.net,#16March2026 #ClearFake #Commandline #Windows,https://threatfox.abuse.ch/ioc/1768010/
2026-03-17 16:40:13,ClearFake,domain,4gen-switch.tempink.in.net,#17March2026 #ClearFake #Commandline #Windows,https://threatfox.abuse.ch/ioc/1769428/
2026-03-17 15:45:12,Unknown malware,domain,4q5tsu5o3msmv4am4dfhupwhzlyg7wv3lpswbvbhcrknr4ega7xetxad.onion,#embargo #Ransomware,https://github.com/TheRavenFile/Daily-Hunt/blob/main/Embargo%20Ransomware
2026-03-17 12:37:17,ClearFake,domain,4tty4.cokefun.in.net,#ClearFake,https://threatfox.abuse.ch/ioc/1769273/
2026-03-17 13:13:21,ClearFake,domain,57ntnp6h.lakebit.digital,#ClearFake,https://threatfox.abuse.ch/ioc/1769296/
2026-03-17 07:32:23,ClearFake,domain,58broegq.norsdwest.in.net,#ClearFake,https://threatfox.abuse.ch/ioc/1769077/
2026-03-17 16:51:18,ClearFake,domain,5c4r-trail.tempiso.in.net,#ClearFake,https://threatfox.abuse.ch/ioc/1769430/
2026-03-17 15:45:52,Unknown malware,domain,5dw7bszmidrhpoltqbqmpixpz6mvgez3mr6xc7ktval2glrmbxkwopad.onion,#embargo #Ransomware,https://github.com/TheRavenFile/Daily-Hunt/blob/main/Embargo%20Ransomware
2026-03-17 05:39:39,ClearFake,domain,5ilve-vector.cokefun.in.net,#ClearFake,https://threatfox.abuse.ch/ioc/1769035/
2026-03-17 15:46:18,Unknown malware,domain,5ntlvn7lmkezscee2vhatjaigkcu2rzj3bwhqaz32snmqc4jha3gcjad.onion,#embargo #Ransomware,https://github.com/TheRavenFile/Daily-Hunt/blob/main/Embargo%20Ransomware
2026-03-17 04:53:13,ClearFake,domain,5t0r-hold.cokenote.in.net,#ClearFake,https://threatfox.abuse.ch/ioc/1769024/
2026-03-17 15:46:05,Unknown malware,domain,6cs2fy7brjjx3fza7ny2vyhbkaxtn6rdx4p4js2lbgyhke7z4aslxtid.onion,#embargo #Ransomware,https://github.com/TheRavenFile/Daily-Hunt/blob/main/Embargo%20Ransomware
2026-03-17 15:17:47,ClearFake,domain,6klywpf.norsdwest.in.net,#17March2026 #ClearFake #Commandline #Windows,https://threatfox.abuse.ch/ioc/1769341/
2026-03-17 10:38:03,ClearFake,domain,6tojdb.gronstat.in.net,#ClearFake,https://threatfox.abuse.ch/ioc/1769220/
2026-03-17 15:46:08,Unknown malware,domain,73klffkonzmo6csfca75k67rniemcvlc2ydnfnkk54cqnkmdk2yqxqad.onion,#embargo #Ransomware,https://github.com/TheRavenFile/Daily-Hunt/blob/main/Embargo%20Ransomware
2026-03-17 15:45:07,Unknown malware,domain,76yl7gfmz2kkjglcevxps4tleyeqnqhfcxh6rnstxj27oxhoxird3hyd.onion,#embargo #Ransomware,https://github.com/TheRavenFile/Daily-Hunt/blob/main/Embargo%20Ransomware
2026-03-17 15:46:13,Unknown malware,domain,7jkcp27353enwfwdemqgsevyjbtz5cxv66n5ctfgd37h2mdxbhhiluyd.onion,#embargo #Ransomware,https://github.com/TheRavenFile/Daily-Hunt/blob/main/Embargo%20Ransomware
2026-03-17 15:45:10,Unknown malware,domain,7lxwbzlkpjyuahuvngwwkc4mycj2a4flh45ksqjo2ezfdbkmxmlxikad.onion,#embargo #Ransomware,https://github.com/TheRavenFile/Daily-Hunt/blob/main/Embargo%20Ransomware
2026-03-17 15:46:09,Unknown malware,domain,7t635vqx6zm733ryjj5jm6hnavlw2it3umi3zmbq6gd6nhaeaylsbsyd.onion,#embargo #Ransomware,https://github.com/TheRavenFile/Daily-Hunt/blob/main/Embargo%20Ransomware
2026-03-17 04:13:38,ClearFake,domain,853rfm15.norsdwest.in.net,#ClearFake,https://threatfox.abuse.ch/ioc/1769015/
2026-03-17 06:15:03,ClearFake,domain,8vxgsoq9.cokefun.in.net,#17March2026 #ClearFake #Commandline #Windows,https://threatfox.abuse.ch/ioc/1769034/
2026-03-17 11:01:39,XWorm,domain,Soofunny-64517.portmap.host,#XWorm,https://tria.ge/260317-l3rwkshz9s
2026-03-17 09:05:05,ClearFake,domain,a08ulcab.highjoke.in.net,#ClearFake,https://threatfox.abuse.ch/ioc/1769144/
2026-03-17 16:30:33,ClearFake,domain,a1awp.tempink.in.net,#17March2026 #ClearFake #Commandline #Windows,https://threatfox.abuse.ch/ioc/1769426/
2026-03-17 00:06:35,ClearFake,domain,a2-ghost-v3.columnasol.in.net,#ClearFake,https://threatfox.abuse.ch/ioc/1768946/
2026-03-17 15:46:20,Unknown malware,domain,a3kvb22nuhfgaluy6uzufrjn3azzsu7tylszdbyne3kiextdmxz4nnyd.onion,#embargo #Ransomware,https://github.com/TheRavenFile/Daily-Hunt/blob/main/Embargo%20Ransomware
2026-03-16 20:31:41,Unknown malware,domain,accelerando.lol,#BadCoin #ClickFix,https://threatfox.abuse.ch/ioc/1768697/
2026-03-17 06:35:01,Unknown Stealer,domain,adcashpro.icu,#WallStealer,https://bazaar.abuse.ch/sample/db640712b6bc2ee316ec5e13cf2de147abf1155dcf4bb2d76760752a01b00fac/
2026-03-16 18:45:18,Unknown malware,domain,agent-smith.digital,#BadCoin #ClickFix,https://threatfox.abuse.ch/ioc/1768536/
2026-03-16 18:22:43,Unknown malware,domain,agentpocket.lol,#BadCoin #ClickFix,https://threatfox.abuse.ch/ioc/1768494/
2026-03-16 18:38:18,Unknown malware,domain,agentsmith.digital,#BadCoin #ClickFix,https://threatfox.abuse.ch/ioc/1768524/
2026-03-16 20:44:28,Unknown malware,domain,ai6900.lol,#BadCoin #ClickFix,https://threatfox.abuse.ch/ioc/1768720/
2026-03-16 19:38:59,Unknown malware,domain,aicoinonsol.lat,#BadCoin #ClickFix,https://threatfox.abuse.ch/ioc/1768599/
2026-03-16 18:15:41,Unknown malware,domain,alchemistai.lol,#BadCoin #ClickFix,https://threatfox.abuse.ch/ioc/1768485/
2026-03-17 04:02:47,ClearFake,domain,alt-g1acier.norsdwest.in.net,#ClearFake,https://threatfox.abuse.ch/ioc/1769013/
2026-03-16 21:08:59,Unknown malware,domain,anischess.network,#BadCoin #ClickFix,https://threatfox.abuse.ch/ioc/1768767/
2026-03-17 11:45:16,Unknown malware,domain,api-proxy.mersiblagodarutebya.workers.dev,#ClickFix #ErrTraffic,https://threatfox.abuse.ch/ioc/1769243/
2026-03-16 18:42:18,ClearFake,domain,api-z9-remote.plasmaviva.in.net,#ClearFake,https://threatfox.abuse.ch/ioc/1768531/
2026-03-16 22:17:36,Unknown malware,domain,api.cdn0v3.com,#ClickFix,https://threatfox.abuse.ch/ioc/1768832/
2026-03-16 23:07:42,Unknown malware,domain,aplodismeniale.lol,#BadCoin #ClickFix,https://threatfox.abuse.ch/ioc/1768902/
2026-03-17 06:15:15,ClearFake,domain,app-v12-data.core-protocol.net,#17March2026 #ClearFake #Commandline #Windows,https://threatfox.abuse.ch/ioc/1768991/
2026-03-16 18:15:20,ClearFake,domain,app-v3-flow.enzymecore.in.net,#ClearFake,https://threatfox.abuse.ch/ioc/1768484/
2026-03-17 07:51:22,Vidar,domain,apt.rvoox.com,#Vidar,https://threatfox.abuse.ch/ioc/1769092/
2026-03-17 07:51:22,Vidar,domain,apt.ssffaa1.xyz,#Vidar,https://threatfox.abuse.ch/ioc/1769093/
2026-03-17 16:17:34,ClearFake,domain,ark-spireal.astpink.in.net,#ClearFake,https://threatfox.abuse.ch/ioc/1769424/
2026-03-17 15:44:55,ClearFake,domain,arkforge6al.jokerun.in.net,#17March2026 #ClearFake #Commandline #Windows,https://threatfox.abuse.ch/ioc/1769371/
2026-03-16 19:11:06,Unknown malware,domain,asscoin.world,#BadCoin #ClickFix,https://threatfox.abuse.ch/ioc/1768569/
2026-03-17 13:18:12,ClearFake,domain,atomicvale.highjoke.in.net,#ClearFake,https://threatfox.abuse.ch/ioc/1769299/
2026-03-17 08:36:15,Unknown malware,domain,auth-in-extranet.com,#booking.com #ClickFix,https://threatfox.abuse.ch/ioc/1769129/
2026-03-16 20:34:37,ClearFake,domain,auth-x5-user.medivault.in.net,#ClearFake,https://threatfox.abuse.ch/ioc/1768702/
2026-03-16 23:10:19,ClearFake,domain,b1-store-v2.basalticnode.in.net,#ClearFake,https://threatfox.abuse.ch/ioc/1768906/
2026-03-16 20:16:53,Unknown malware,domain,bankronsol.lol,#BadCoin #ClickFix,https://threatfox.abuse.ch/ioc/1768671/
2026-03-16 20:11:55,Unknown malware,domain,bankrtoken.lol,#BadCoin #ClickFix,https://threatfox.abuse.ch/ioc/1768662/
2026-03-17 04:33:37,ClearFake,domain,banne4-frame.backyard.in.net,#ClearFake,https://threatfox.abuse.ch/ioc/1769020/
2026-03-16 20:21:22,ClearFake,domain,base-v11-infra.medivault.in.net,#ClearFake,https://threatfox.abuse.ch/ioc/1768680/
2026-03-16 21:21:23,ClearFake,domain,base-z3-steel.vitalocus.in.net,#ClearFake,https://threatfox.abuse.ch/ioc/1768784/
2026-03-16 20:13:28,Unknown malware,domain,beastfinancialservices.lol,#BadCoin #ClickFix,https://threatfox.abuse.ch/ioc/1768664/
2026-03-16 21:00:48,Unknown malware,domain,bfscoin.lol,#BadCoin #ClickFix,https://threatfox.abuse.ch/ioc/1768752/
2026-03-17 12:40:20,Unknown malware,domain,bigsmart.beer,#ClickFix #ErrTraffic,https://threatfox.abuse.ch/ioc/1769276/
2026-03-16 19:29:44,Unknown malware,domain,biollm.lol,#BadCoin #ClickFix,https://threatfox.abuse.ch/ioc/1768586/
2026-03-16 18:51:49,Unknown malware,domain,bipo.lol,#BadCoin #ClickFix,https://threatfox.abuse.ch/ioc/1768545/
2026-03-17 15:00:20,Quasar RAT,domain,bj88-10.com,#quasar,https://tria.ge/260317-rrwnaaev5w
2026-03-17 08:47:47,Unknown malware,domain,bkg-fix.com,#booking.com #ClickFix,https://threatfox.abuse.ch/ioc/1769135/
2026-03-17 08:26:32,Unknown malware,domain,bkng-updt.com,#booking.com #ClickFix,https://threatfox.abuse.ch/ioc/1769122/
2026-03-17 08:31:42,ClearFake,domain,bloorn-bridge.cokefun.in.net,#ClearFake,https://threatfox.abuse.ch/ioc/1769128/
2026-03-16 20:46:19,Unknown malware,domain,bluechipcoin.lol,#BadCoin #ClickFix,https://threatfox.abuse.ch/ioc/1768723/
2026-03-16 21:27:13,Unknown malware,domain,bpengu.network,#BadCoin #ClickFix,https://threatfox.abuse.ch/ioc/1768792/
2026-03-16 20:47:09,Unknown malware,domain,bptoken.lol,#BadCoin #ClickFix,https://threatfox.abuse.ch/ioc/1768724/
2026-03-16 20:01:21,ClearFake,domain,bridge-x1-light.opticlocus.in.net,#ClearFake,https://threatfox.abuse.ch/ioc/1768646/
2026-03-16 23:00:26,Quasar RAT,domain,brw.uk.net,#quasar,https://tria.ge/260316-z5ssjsfs8s
2026-03-16 20:18:41,Unknown malware,domain,buttcoinfoundation.lol,#BadCoin #ClickFix,https://threatfox.abuse.ch/ioc/1768675/
2026-03-17 03:57:50,ClearFake,domain,c1e4-point.easttea.in.net,#ClearFake,https://threatfox.abuse.ch/ioc/1769007/
2026-03-17 13:46:29,ClearFake,domain,c1ien-forge.octagonon.in.net,#ClearFake,https://threatfox.abuse.ch/ioc/1769311/
2026-03-16 20:32:01,Unknown Stealer,domain,c42m1ebfwkrgc7gd.frostapiv2.com,#c2 #FrostStealer,https://bazaar.abuse.ch/sample/398f1498fb4f6a3d5d6f78f36ccefeb5ecf8031b83ba6e89a84274e2b504822e/
2026-03-17 00:18:00,ClearFake,domain,c8-room-v01.fossaflow.in.net,#ClearFake,https://threatfox.abuse.ch/ioc/1768948/
2026-03-17 06:35:01,Unknown Stealer,domain,callpit.icu,#WallStealer,https://bazaar.abuse.ch/sample/db640712b6bc2ee316ec5e13cf2de147abf1155dcf4bb2d76760752a01b00fac/
2026-03-16 20:42:50,Unknown malware,domain,cancercoin.lol,#BadCoin #ClickFix,https://threatfox.abuse.ch/ioc/1768716/
2026-03-17 06:14:46,Unknown malware,domain,carminemods.cc,,https://threatfox.abuse.ch/ioc/1768719/
2026-03-16 19:48:10,Unknown malware,domain,cashapples.xyz,#BadCoin #ClickFix,https://threatfox.abuse.ch/ioc/1768608/
2026-03-16 21:02:10,Unknown malware,domain,cashcoin.lol,#BadCoin #ClickFix,https://threatfox.abuse.ch/ioc/1768755/
2026-03-17 11:17:42,ClearFake,domain,castgrani.easttea.in.net,#ClearFake,https://threatfox.abuse.ch/ioc/1769236/
2026-03-16 21:34:38,Unknown malware,domain,catownkimono.lol,#BadCoin #ClickFix,https://threatfox.abuse.ch/ioc/1768804/
2026-03-17 06:43:33,Loda,domain,centos.linkpc.net,#Loda,https://bazaar.abuse.ch/sample/b0d148a8e8ca49fb0d52a19ef9ce44b611f060a51b5738c8a93f248974177bea/
2026-03-16 20:53:47,ValleyRAT,domain,cfdasjjiophg.cn,#RAT #ValleyRAT,https://bazaar.abuse.ch/sample/2619cce529ebb02892ccad1587de1d113d76a6bcb5d9a5f8fa1187b7105435f3/
2026-03-16 20:33:52,Unknown malware,domain,chattyonsol.lol,#BadCoin #ClickFix,https://threatfox.abuse.ch/ioc/1768701/
2026-03-17 06:59:22,ClearFake,domain,check-gate.easttea.in.net,#ClearFake,https://threatfox.abuse.ch/ioc/1769067/
2026-03-16 21:26:06,Unknown malware,domain,chickencoin.lol,#BadCoin #ClickFix,https://threatfox.abuse.ch/ioc/1768790/
2026-03-17 09:44:24,AsyncRAT,domain,choiboi.net,#asyncrat #c2,https://threatfox.abuse.ch/ioc/1769171/
2026-03-16 19:44:12,Unknown malware,domain,chonky.lat,#BadCoin #ClickFix,https://threatfox.abuse.ch/ioc/1768603/
2026-03-17 06:39:31,ClearFake,domain,clinicpulse.grosstao.in.net,#ClearFake,https://threatfox.abuse.ch/ioc/1769062/
2026-03-16 18:35:40,ClearFake,domain,cloud-v5-store.plasmaviva.in.net,#ClearFake,https://threatfox.abuse.ch/ioc/1768519/
2026-03-17 05:46:18,ClearFake,domain,clustercheck.jokerun.in.net,#ClearFake,https://threatfox.abuse.ch/ioc/1769036/
2026-03-17 14:14:14,ClearFake,domain,computeinn.flowwow.in.net,#ClearFake,https://threatfox.abuse.ch/ioc/1769322/
2026-03-16 21:12:20,Unknown malware,domain,copperinu.lol,#BadCoin #ClickFix,https://threatfox.abuse.ch/ioc/1768772/
2026-03-17 02:50:46,ClearFake,domain,cor46-layer.grosstao.in.net,#ClearFake,https://threatfox.abuse.ch/ioc/1768985/
2026-03-16 21:27:51,ClearFake,domain,core-x9-rock.vitalocus.in.net,#ClearFake,https://threatfox.abuse.ch/ioc/1768793/
2026-03-17 16:15:52,FAKEUPDATES,domain,corp-ai.alifsemi.com,#SocGholish,https://infosec.exchange/@monitorsg/116245381157312764
2026-03-17 15:45:06,SantaStealer,domain,corvus-infra.cc,#c2 #SantaStealer,https://bazaar.abuse.ch/sample/61c701e0103188878a6f0f9e4cf2adeea73c4824bcd16ec361f7879203cf2498/
2026-03-17 05:06:53,ClearFake,domain,cour1e1-beam.cokenote.in.net,#ClearFake,https://threatfox.abuse.ch/ioc/1769026/
2026-03-17 05:26:53,ClearFake,domain,crbn95bh.cokefun.in.net,#ClearFake,https://threatfox.abuse.ch/ioc/1769030/
2026-03-17 13:24:58,ClearFake,domain,cry5ta-wave.highjoke.in.net,#ClearFake,https://threatfox.abuse.ch/ioc/1769301/
2026-03-17 09:44:45,DCRat,domain,csam.mallukas.com,#c2 #dcrat,https://threatfox.abuse.ch/ioc/1769186/
2026-03-16 21:13:15,Unknown malware,domain,cummingtonite.lol,#BadCoin #ClickFix,https://threatfox.abuse.ch/ioc/1768774/
2026-03-17 17:28:57,ClearFake,domain,d15p6-cast.inksky.in.net,#ClearFake,https://threatfox.abuse.ch/ioc/1769440/
2026-03-16 23:55:37,ClearFake,domain,d3-shell-0.columnasol.in.net,#ClearFake,https://threatfox.abuse.ch/ioc/1768924/
2026-03-16 20:35:34,Unknown malware,domain,dadsv2.lol,#BadCoin #ClickFix,https://threatfox.abuse.ch/ioc/1768704/
2026-03-17 12:57:04,ClearFake,domain,databird.jokerun.in.net,#ClearFake,https://threatfox.abuse.ch/ioc/1769285/
2026-03-16 20:28:08,ClearFake,domain,db-z3-point.medivault.in.net,#ClearFake,https://threatfox.abuse.ch/ioc/1768691/
2026-03-16 19:41:30,Unknown malware,domain,deepwormtoken.lol,#BadCoin #ClickFix,https://threatfox.abuse.ch/ioc/1768600/
2026-03-17 13:57:39,ClearFake,domain,defendstone.fabulos.in.net,#ClearFake,https://threatfox.abuse.ch/ioc/1769313/
2026-03-16 18:48:50,ClearFake,domain,dev-x4-host.plasmaviva.in.net,#ClearFake,https://threatfox.abuse.ch/ioc/1768541/
2026-03-16 18:57:46,Unknown malware,domain,developers-shelby.lat,#BadCoin #ClickFix,https://threatfox.abuse.ch/ioc/1768549/
2026-03-17 12:26:22,Unknown malware,domain,developerstation.live,#ClickFix,https://threatfox.abuse.ch/ioc/1769269/
2026-03-16 20:33:04,Unknown malware,domain,dicrabrio.lol,#BadCoin #ClickFix,https://threatfox.abuse.ch/ioc/1768700/
2026-03-16 21:32:07,Unknown malware,domain,digitalmetals.lol,#BadCoin #ClickFix,https://threatfox.abuse.ch/ioc/1768799/
2026-03-17 06:14:54,SmartApeSG,domain,dist-ctroy.top,#SmartApeSG,https://infosec.exchange/@monitorsg/116241062906789235
2026-03-17 06:15:17,ClearFake,domain,dist-x2-cache.system-uplink.net,#17March2026 #ClearFake #Commandline #Windows,https://threatfox.abuse.ch/ioc/1768989/
2026-03-16 19:12:02,Unknown malware,domain,distortedcoin.digital,#BadCoin #ClickFix,https://threatfox.abuse.ch/ioc/1768570/
2026-03-16 19:07:27,Unknown malware,domain,distortedcoins.lol,#BadCoin #ClickFix,https://threatfox.abuse.ch/ioc/1768562/
2026-03-16 19:10:01,Unknown malware,domain,distortedtoken.fun,#BadCoin #ClickFix,https://threatfox.abuse.ch/ioc/1768567/
2026-03-16 19:09:26,Unknown malware,domain,distortedtoken.world,#BadCoin #ClickFix,https://threatfox.abuse.ch/ioc/1768566/
2026-03-16 21:21:11,Unknown malware,domain,dmcoin.lol,#BadCoin #ClickFix,https://threatfox.abuse.ch/ioc/1768783/
2026-03-16 20:48:12,Unknown malware,domain,donalds.lol,#BadCoin #ClickFix,https://threatfox.abuse.ch/ioc/1768727/
2026-03-16 19:28:45,Unknown malware,domain,doomcoin.lat,#BadCoin #ClickFix,https://threatfox.abuse.ch/ioc/1768585/
2026-03-16 18:00:32,Remcos,domain,doubledynamix.4nmn.com,#c2 #domain #RAT #remcos #triage,https://tria.ge/260316-s3fa4sbx3t
2026-03-17 09:44:24,AsyncRAT,domain,dr-mahsaborji.com,#asyncrat #c2,https://threatfox.abuse.ch/ioc/1769172/
2026-03-17 15:46:17,Unknown malware,domain,dr4zejrunmmijebc4jhz6xwplapeltdqdchvbvikiwitvrtjedcezmad.onion,#embargo #Ransomware,https://github.com/TheRavenFile/Daily-Hunt/blob/main/Embargo%20Ransomware
2026-03-17 15:17:46,ClearFake,domain,drigloba.cokenote.in.net,#17March2026 #ClearFake #Commandline #Windows,https://threatfox.abuse.ch/ioc/1769346/
2026-03-17 11:00:10,Remcos,domain,dtjdytjthjyrtgdutyturtyuktydrsesderrtrtg.duckdns.org,#remcos,https://tria.ge/260317-l4jxcshz9y
2026-03-16 23:00:26,Quasar RAT,domain,dwz.uk.com,#quasar,https://tria.ge/260316-z5ssjsfs8s
2026-03-17 16:06:47,ClearFake,domain,dyncoreen.astpink.in.net,#ClearFake,https://threatfox.abuse.ch/ioc/1769418/
2026-03-17 00:01:03,ClearFake,domain,e9-trace-x.columnasol.in.net,#ClearFake,https://threatfox.abuse.ch/ioc/1768938/
2026-03-17 15:45:52,Unknown malware,domain,ec6edgevw2lzqy4ipafpbvjuu7r6ugqbljqokl3pvecc6c3a5ix3wgyd.onion,#embargo #Ransomware,https://github.com/TheRavenFile/Daily-Hunt/blob/main/Embargo%20Ransomware
2026-03-16 21:03:10,Unknown malware,domain,eggtoken.lol,#BadCoin #ClickFix,https://threatfox.abuse.ch/ioc/1768756/
2026-03-16 20:06:27,Unknown malware,domain,egodtoken.lol,#BadCoin #ClickFix,https://threatfox.abuse.ch/ioc/1768654/
2026-03-16 18:31:22,Unknown malware,domain,elizaos.lat,#BadCoin #ClickFix,https://threatfox.abuse.ch/ioc/1768509/
2026-03-16 20:35:01,Unknown malware,domain,eloncoins.fun,#BadCoin #ClickFix,https://threatfox.abuse.ch/ioc/1768703/
2026-03-16 20:24:07,Unknown malware,domain,elontoken.lol,#BadCoin #ClickFix,https://threatfox.abuse.ch/ioc/1768685/
2026-03-17 15:46:02,Unknown malware,domain,embargobe3n5okxyzqphpmk3moinoap2snz5k6765mvtkk7hhi544jid.onion,#embargo #Ransomware,https://github.com/TheRavenFile/Daily-Hunt/blob/main/Embargo%20Ransomware
2026-03-17 09:44:24,AsyncRAT,domain,ensaladadecol.com,#asyncrat #c2,https://threatfox.abuse.ch/ioc/1769173/
2026-03-17 16:15:25,XWorm,domain,envio11.ddnsguru.com,#XWorm,https://bazaar.abuse.ch/sample/68795c47a9aeb9e3208ca814fcef157c8e5f73464298e5eec4bb0ea32831baba/
2026-03-16 20:27:03,Unknown malware,domain,epstein.today,#BadCoin #ClickFix,https://threatfox.abuse.ch/ioc/1768689/
2026-03-17 07:52:15,ClearFake,domain,esjxi.backyard.in.net,#ClearFake,https://threatfox.abuse.ch/ioc/1769096/
2026-03-16 18:39:30,Unknown malware,domain,ethgasfoundatiion.lat,#BadCoin #ClickFix,https://threatfox.abuse.ch/ioc/1768526/
2026-03-16 19:26:59,Unknown malware,domain,ethgasfoundatiion.lol,#BadCoin #ClickFix,https://threatfox.abuse.ch/ioc/1768583/
2026-03-16 19:44:49,Unknown malware,domain,exponentialmc.lat,#BadCoin #ClickFix,https://threatfox.abuse.ch/ioc/1768604/
2026-03-16 19:43:00,Unknown malware,domain,exponentialmc2.xyz,#BadCoin #ClickFix,https://threatfox.abuse.ch/ioc/1768602/
2026-03-17 15:17:59,FAKEUPDATES,domain,ext-api.housedec.com,#SocGholish,https://infosec.exchange/@monitorsg/116244908503569336
2026-03-17 11:44:11,ClearFake,domain,f0rrn-core.norsdwest.in.net,#ClearFake,https://threatfox.abuse.ch/ioc/1769242/
2026-03-17 01:30:57,ClearFake,domain,f2-gate-v0.navispazio.in.net,#ClearFake,https://threatfox.abuse.ch/ioc/1768972/
2026-03-17 10:31:27,ClearFake,domain,f41th8-spark.flowwow.in.net,#ClearFake,https://threatfox.abuse.ch/ioc/1769219/
2026-03-16 23:27:05,ClearFake,domain,f8-flow-v11.basalticnode.in.net,#ClearFake,https://threatfox.abuse.ch/ioc/1768917/
2026-03-17 15:46:10,Unknown malware,domain,fanr4dyego253yx5pmbc7krct6qzq3hqfrchvj5fafiwalvjijfgsmid.onion,#embargo #Ransomware,https://github.com/TheRavenFile/Daily-Hunt/blob/main/Embargo%20Ransomware
2026-03-16 21:01:06,ClearFake,domain,field-z1-vast.chemflow.in.net,#ClearFake,https://threatfox.abuse.ch/ioc/1768753/
2026-03-17 07:51:22,Vidar,domain,fii.rvoox.com,#Vidar,https://threatfox.abuse.ch/ioc/1769094/
2026-03-17 07:51:22,Vidar,domain,fii.ssffaa1.xyz,#Vidar,https://threatfox.abuse.ch/ioc/1769095/
2026-03-16 21:28:54,Unknown malware,domain,fishonsol.lol,#BadCoin #ClickFix,https://threatfox.abuse.ch/ioc/1768795/
2026-03-17 13:14:42,KongTuke,domain,flatheadcat.com,#Kongtuke,https://infosec.exchange/@monitorsg/116244681326734878
2026-03-16 19:15:32,ClearFake,domain,flow-z0-work.biosphera.in.net,#ClearFake,https://threatfox.abuse.ch/ioc/1768573/
2026-03-16 20:25:09,Unknown malware,domain,flufy.lol,#BadCoin #ClickFix,https://threatfox.abuse.ch/ioc/1768686/
2026-03-16 21:01:29,Unknown malware,domain,fnef.lol,#BadCoin #ClickFix,https://threatfox.abuse.ch/ioc/1768754/
2026-03-16 20:55:10,Unknown malware,domain,fnefcoin.lol,#BadCoin #ClickFix,https://threatfox.abuse.ch/ioc/1768744/
2026-03-16 23:00:26,Quasar RAT,domain,fns.uk.com,#quasar,https://tria.ge/260316-z5ssjsfs8s
2026-03-17 09:46:42,Lumma Stealer,domain,followw.cyou,#c2 #Lumma,https://threatfox.abuse.ch/ioc/1769210/
2026-03-16 20:56:13,Unknown Loader,domain,foodrock.space,#OffLoader,https://threatfox.abuse.ch/ioc/1768746/
2026-03-17 07:25:45,ClearFake,domain,format5-scope.norsdwest.in.net,#ClearFake,https://threatfox.abuse.ch/ioc/1769075/
2026-03-17 11:04:15,ClearFake,domain,framsun.grosstao.in.net,#ClearFake,https://threatfox.abuse.ch/ioc/1769231/
2026-03-16 20:32:01,Unknown Stealer,domain,frostapiv2.com,#c2 #FrostStealer,https://bazaar.abuse.ch/sample/398f1498fb4f6a3d5d6f78f36ccefeb5ecf8031b83ba6e89a84274e2b504822e/
2026-03-17 15:00:20,Quasar RAT,domain,fta.co.com,#quasar,https://tria.ge/260317-rrwnaaev5w
2026-03-16 23:44:03,ClearFake,domain,g0-data-z9.viametrica.in.net,#ClearFake,https://threatfox.abuse.ch/ioc/1768921/
2026-03-17 15:46:11,Unknown malware,domain,g7hva5likuonhljhh3sp2nvg7pezpu45vpxjccgihevwpb4fi2napqad.onion,#embargo #Ransomware,https://github.com/TheRavenFile/Daily-Hunt/blob/main/Embargo%20Ransomware
2026-03-16 18:30:18,Unknown malware,domain,gascoinonsol.lat,#BadCoin #ClickFix,https://threatfox.abuse.ch/ioc/1768507/
2026-03-16 18:28:46,ClearFake,domain,gate-v1-entry.enzymecore.in.net,#ClearFake,https://threatfox.abuse.ch/ioc/1768504/
2026-03-16 21:47:33,ClearFake,domain,gate-x8-proxy.cellanode.in.net,#ClearFake,https://threatfox.abuse.ch/ioc/1768817/
2026-03-17 09:44:24,AsyncRAT,domain,gatex.mallukas.com,#asyncrat #c2,https://threatfox.abuse.ch/ioc/1769174/
2026-03-17 09:18:24,ClearFake,domain,gcyryi.blowoff.in.net,#ClearFake,https://threatfox.abuse.ch/ioc/1769148/
2026-03-17 03:34:55,ClearFake,domain,geo-4irw.grosstao.in.net,#ClearFake,https://threatfox.abuse.ch/ioc/1768995/
2026-03-16 20:34:54,ClearFake,domain,geo-f0x.inkpit.in.net,#16March2026 #ClearFake #Commandline #Windows,https://threatfox.abuse.ch/ioc/1768162/
2026-03-17 13:35:07,ClearFake,domain,geo-reg1st.blowoff.in.net,#ClearFake,https://threatfox.abuse.ch/ioc/1769309/
2026-03-16 19:42:05,ClearFake,domain,ghost-z2-node.genomax.in.net,#ClearFake,https://threatfox.abuse.ch/ioc/1768601/
2026-03-16 21:06:07,Unknown malware,domain,ghostwareose.xyz,#BadCoin #ClickFix,https://threatfox.abuse.ch/ioc/1768762/
2026-03-17 03:53:20,ClearFake,domain,gjugxvg.easttea.in.net,#ClearFake,https://threatfox.abuse.ch/ioc/1769001/
2026-03-16 21:23:32,Unknown malware,domain,goclawd.lol,#BadCoin #ClickFix,https://threatfox.abuse.ch/ioc/1768787/
2026-03-16 20:40:51,Unknown malware,domain,goelon.lol,#BadCoin #ClickFix,https://threatfox.abuse.ch/ioc/1768711/
2026-03-16 20:05:42,Unknown malware,domain,gojellyjelly.lol,#BadCoin #ClickFix,https://threatfox.abuse.ch/ioc/1768653/
2026-03-17 17:08:00,ClearFake,domain,golsec.inksky.in.net,#ClearFake,https://threatfox.abuse.ch/ioc/1769434/
2026-03-16 20:09:53,Unknown malware,domain,gomoonbirds.lol,#BadCoin #ClickFix,https://threatfox.abuse.ch/ioc/1768659/
2026-03-16 21:32:43,Unknown malware,domain,gomountain.lol,#BadCoin #ClickFix,https://threatfox.abuse.ch/ioc/1768800/
2026-03-16 19:55:04,Unknown malware,domain,gooseonsol.lol,#BadCoin #ClickFix,https://threatfox.abuse.ch/ioc/1768620/
2026-03-16 21:11:31,Unknown malware,domain,gousor.lol,#BadCoin #ClickFix,https://threatfox.abuse.ch/ioc/1768770/
2026-03-16 20:20:11,Unknown malware,domain,goyimcoin.lol,#BadCoin #ClickFix,https://threatfox.abuse.ch/ioc/1768677/
2026-03-17 13:14:56,ClearFake,domain,gr0wt4-layer.cokefun.in.net,#17March2026 #ClearFake #Commandline #Windows,https://threatfox.abuse.ch/ioc/1769117/
2026-03-16 20:11:15,Unknown malware,domain,greenlandshark.lol,#BadCoin #ClickFix,https://threatfox.abuse.ch/ioc/1768661/
2026-03-16 20:10:32,Unknown malware,domain,greenlandsharkcoin.lol,#BadCoin #ClickFix,https://threatfox.abuse.ch/ioc/1768660/
2026-03-17 03:49:26,ClearFake,domain,gust-exp.easttea.in.net,#ClearFake,https://threatfox.abuse.ch/ioc/1768998/
2026-03-17 06:26:22,ClearFake,domain,gustfil.highjoke.in.net,#ClearFake,https://threatfox.abuse.ch/ioc/1769051/
2026-03-17 07:02:21,ClearFake,domain,h4-node-00.pietraforte.in.net,#16March2026 #ClearFake #Commandline #Windows,https://threatfox.abuse.ch/ioc/1768885/
2026-03-17 09:44:45,DCRat,domain,hassexpress.co.com,#c2 #dcrat,https://threatfox.abuse.ch/ioc/1769187/
2026-03-16 21:05:32,Unknown malware,domain,heavypulp.lol,#BadCoin #ClickFix,https://threatfox.abuse.ch/ioc/1768761/
2026-03-17 04:46:36,ClearFake,domain,hfcn.backyard.in.net,#ClearFake,https://threatfox.abuse.ch/ioc/1769023/
2026-03-17 08:36:58,Unknown malware,domain,hoevaofvwuf.com,#booking.com #ClickFix,https://threatfox.abuse.ch/ioc/1769130/
2026-03-16 18:29:16,Unknown malware,domain,horzsol.lat,#BadCoin #ClickFix,https://threatfox.abuse.ch/ioc/1768505/
2026-03-17 08:49:20,NetSupportManager RAT,domain,hotelupdatesys.com,#booking.com #ClickFix #NetSupport RAT,https://threatfox.abuse.ch/ioc/1769136/
2026-03-16 18:18:25,Unknown malware,domain,htrumpcoin.lat,#BadCoin #ClickFix,https://threatfox.abuse.ch/ioc/1768487/
2026-03-16 19:08:43,ClearFake,domain,hub-v11-local.biosphera.in.net,#ClearFake,https://threatfox.abuse.ch/ioc/1768564/
2026-03-17 07:45:37,ClearFake,domain,i08da.backyard.in.net,#ClearFake,https://threatfox.abuse.ch/ioc/1769086/
2026-03-17 11:00:27,Quasar RAT,domain,india81news.in.net,#quasar,https://tria.ge/260317-hwrepaet5r
2026-03-16 20:18:02,Unknown malware,domain,infiniteclawdrooms.lol,#BadCoin #ClickFix,https://threatfox.abuse.ch/ioc/1768673/
2026-03-16 18:02:33,ClearFake,domain,infra-v9-core.neurosync.in.net,#ClearFake,https://threatfox.abuse.ch/ioc/1768452/
2026-03-17 09:46:41,Lumma Stealer,domain,ironproe.live,#c2 #Lumma,https://threatfox.abuse.ch/ioc/1769209/
2026-03-16 23:21:27,ClearFake,domain,j3-hub-stat.basalticnode.in.net,#ClearFake,https://threatfox.abuse.ch/ioc/1768916/
2026-03-17 09:38:04,ClearFake,domain,j40frzwa.octagonon.in.net,#ClearFake,https://threatfox.abuse.ch/ioc/1769160/
2026-03-17 07:02:10,ClearFake,domain,j8-web-infra.navispazio.in.net,#17March2026 #ClearFake #Commandline #Windows,https://threatfox.abuse.ch/ioc/1768971/
2026-03-16 21:39:52,Unknown malware,domain,jailed.network,#BadCoin #ClickFix,https://threatfox.abuse.ch/ioc/1768812/
2026-03-16 20:04:45,Unknown malware,domain,jellyjely.lat,#BadCoin #ClickFix,https://threatfox.abuse.ch/ioc/1768652/
2026-03-17 15:59:45,ClearFake,domain,jhh0yt.highjoke.in.net,#17March2026 #ClearFake #Commandline #Windows,https://threatfox.abuse.ch/ioc/1769407/
2026-03-17 15:59:45,ClearFake,domain,jmtsjr.highjoke.in.net,#17March2026 #ClearFake #Commandline #Windows,https://threatfox.abuse.ch/ioc/1769408/
2026-03-17 15:45:56,Unknown malware,domain,jolfnfw6lmcjsppgjfimhimqt2t7viybk67yc5zkxip6fxrcgo7mv4id.onion,#embargo #Ransomware,https://github.com/TheRavenFile/Daily-Hunt/blob/main/Embargo%20Ransomware
2026-03-16 20:34:58,FAKEUPDATES,domain,js-pre.letsgoautomotive.com,#SocGholish,https://infosec.exchange/@monitorsg/116239260341530092
2026-03-16 18:41:08,Unknown malware,domain,jup-aj.digital,#BadCoin #ClickFix,https://threatfox.abuse.ch/ioc/1768528/
2026-03-16 22:53:17,ClearFake,domain,k2-dist-x7.pietraforte.in.net,#ClearFake,https://threatfox.abuse.ch/ioc/1768888/
2026-03-16 20:34:50,ClearFake,domain,k56gfm6.tempiso.in.net,#16March2026 #ClearFake #Commandline #Windows,https://threatfox.abuse.ch/ioc/1768221/
2026-03-17 00:34:55,ClearFake,domain,k7-sync-v2.fossaflow.in.net,#ClearFake,https://threatfox.abuse.ch/ioc/1768957/
2026-03-17 02:31:23,ClearFake,domain,k8s-992-node.fjordpulse.in.net,#ClearFake,https://threatfox.abuse.ch/ioc/1768980/
2026-03-16 23:00:14,Remcos,domain,kaflexciol.kaflexciol.com,#remcos,https://tria.ge/260316-znc1rses71
2026-03-17 11:00:14,Remcos,domain,kamglobal.duckdns.org,#remcos,https://tria.ge/260317-jc5zeaew3m
2026-03-17 09:44:24,AsyncRAT,domain,kasralmaadi.com,#asyncrat #c2,https://threatfox.abuse.ch/ioc/1769175/
2026-03-16 20:32:05,ClearFake,domain,kelline3a.jokerun.in.net,#16March2026 #ClearFake #Commandline #Windows,https://threatfox.abuse.ch/ioc/1768081/
2026-03-16 20:34:57,ClearFake,domain,kelspireal3.saltball.in.net,#16March2026 #ClearFake #Commandline #Windows,https://threatfox.abuse.ch/ioc/1768106/
2026-03-17 17:36:45,ClearFake,domain,kelvenis7.inkpit.in.net,#ClearFake,https://threatfox.abuse.ch/ioc/1769441/
2026-03-17 12:21:32,Unknown malware,domain,kentuckyfiredepartment.com,#ClickFix,https://threatfox.abuse.ch/ioc/1769265/
2026-03-16 20:02:59,Unknown malware,domain,kimchi-the-doge.lol,#BadCoin #ClickFix,https://threatfox.abuse.ch/ioc/1768650/
2026-03-16 20:40:21,Unknown malware,domain,kindred.center,#BadCoin #ClickFix,https://threatfox.abuse.ch/ioc/1768709/
2026-03-17 15:46:14,Unknown malware,domain,kk3puzzmu6jfzll6sllchr5olxf4bg4tl7uyq7wtiqqpntkreya3qxqd.onion,#embargo #Ransomware,https://github.com/TheRavenFile/Daily-Hunt/blob/main/Embargo%20Ransomware
2026-03-17 13:08:43,ClearFake,domain,kp1vwn9m.lakebit.digital,#ClearFake,https://threatfox.abuse.ch/ioc/1769287/
2026-03-17 01:43:47,ClearFake,domain,l0-main-v7.navispazio.in.net,#ClearFake,https://threatfox.abuse.ch/ioc/1768977/
2026-03-16 23:32:20,ClearFake,domain,l2-net-base.viametrica.in.net,#ClearFake,https://threatfox.abuse.ch/ioc/1768918/
2026-03-16 20:34:58,SantaStealer,domain,laughing-octo.info,#c2 #SantaStealer,https://bazaar.abuse.ch/sample/b875bf5d04c56cfc5d19c6e8a8b57943d089da702101dc5da81f63370f41e6dd/
2026-03-17 06:12:42,ClearFake,domain,layouprin.highjoke.in.net,#ClearFake,https://threatfox.abuse.ch/ioc/1769048/
2026-03-17 14:30:49,Unknown malware,domain,lcates-vs.beer,#ClickFix #ErrTraffic,https://threatfox.abuse.ch/ioc/1769331/
2026-03-17 09:51:19,ClearFake,domain,le4r-vector.octagonon.in.net,#ClearFake,https://threatfox.abuse.ch/ioc/1769212/
2026-03-17 09:44:24,AsyncRAT,domain,lifestylefmg.com,#asyncrat #c2,https://threatfox.abuse.ch/ioc/1769176/
2026-03-16 21:34:15,ClearFake,domain,link-v1-sat.vitalocus.in.net,#ClearFake,https://threatfox.abuse.ch/ioc/1768803/
2026-03-16 18:55:19,ClearFake,domain,link-v2-entry.plasmaviva.in.net,#ClearFake,https://threatfox.abuse.ch/ioc/1768547/
2026-03-16 20:59:59,Unknown malware,domain,lioranuclearbeam.lol,#BadCoin #ClickFix,https://threatfox.abuse.ch/ioc/1768751/
2026-03-16 19:45:42,Unknown malware,domain,listingtally.xyz,#BadCoin #ClickFix,https://threatfox.abuse.ch/ioc/1768605/
2026-03-17 08:03:13,Unknown malware,domain,litespeedcachecdn.com,#ClickFix,https://threatfox.abuse.ch/ioc/1769108/
2026-03-16 19:08:06,Unknown malware,domain,lobcoin.digital,#BadCoin #ClickFix,https://threatfox.abuse.ch/ioc/1768563/
2026-03-16 19:05:59,Unknown malware,domain,lobmoney.lat,#BadCoin #ClickFix,https://threatfox.abuse.ch/ioc/1768560/
2026-03-16 19:08:44,Unknown malware,domain,loveasstoken.fun,#BadCoin #ClickFix,https://threatfox.abuse.ch/ioc/1768565/
2026-03-17 14:03:06,ClearFake,domain,loyalstor.fabulos.in.net,#ClearFake,https://threatfox.abuse.ch/ioc/1769314/
2026-03-17 12:39:03,Unknown malware,domain,lstyle-sdn.sbs,#ClickFix #ErrTraffic,https://threatfox.abuse.ch/ioc/1769274/
2026-03-17 15:46:04,ClearFake,domain,lum-draa.jokerun.in.net,#17March2026 #ClearFake #Commandline #Windows,https://threatfox.abuse.ch/ioc/1769406/
2026-03-17 12:52:41,Unknown malware,domain,lvlensourgat.sbs,#ClickFix #ErrTraffic,https://threatfox.abuse.ch/ioc/1769281/
2026-03-17 10:51:13,ClearFake,domain,m3rge4-point.gronstat.in.net,#ClearFake,https://threatfox.abuse.ch/ioc/1769224/
2026-03-17 00:12:31,ClearFake,domain,m5-vision-9.columnasol.in.net,#ClearFake,https://threatfox.abuse.ch/ioc/1768947/
2026-03-16 22:41:57,ClearFake,domain,m8-app-unit.arcostruttura.in.net,#ClearFake,https://threatfox.abuse.ch/ioc/1768884/
2026-03-17 16:02:00,Bashlite,domain,mail.mpsloen.com,#AS13335 #c2 #censys #CLOUDFLARENET #Gafgyt #open-dir,https://search.censys.io/hosts/2606:4700:3037:0:0:0:6815:2d95+mail.mpsloen.com
2026-03-16 22:01:04,ClearFake,domain,main-v1-point.cellanode.in.net,#ClearFake,https://threatfox.abuse.ch/ioc/1768827/
2026-03-17 09:44:24,AsyncRAT,domain,malware.choiboi.net,#asyncrat #c2,https://threatfox.abuse.ch/ioc/1769177/
2026-03-17 09:44:24,AsyncRAT,domain,malware.dr-mahsaborji.com,#asyncrat #c2,https://threatfox.abuse.ch/ioc/1769178/
2026-03-17 09:44:24,AsyncRAT,domain,malware.ensaladadecol.com,#asyncrat #c2,https://threatfox.abuse.ch/ioc/1769179/
2026-03-17 09:44:24,AsyncRAT,domain,malware.kasralmaadi.com,#asyncrat #c2,https://threatfox.abuse.ch/ioc/1769180/
2026-03-17 09:44:24,AsyncRAT,domain,malware.lifestylefmg.com,#asyncrat #c2,https://threatfox.abuse.ch/ioc/1769181/
2026-03-17 09:44:24,AsyncRAT,domain,malware.saeruet.com,#asyncrat #c2,https://threatfox.abuse.ch/ioc/1769182/
2026-03-17 09:44:24,AsyncRAT,domain,malware.sexhay002.com,#asyncrat #c2,https://threatfox.abuse.ch/ioc/1769183/
2026-03-17 09:44:24,AsyncRAT,domain,malware.themoonresidence.com,#asyncrat #c2,https://threatfox.abuse.ch/ioc/1769184/
2026-03-17 08:49:57,NetSupportManager RAT,domain,mandatoryhotel.com,#booking.com #ClickFix #NetSupport RAT,https://threatfox.abuse.ch/ioc/1769137/
2026-03-16 21:07:44,Unknown malware,domain,mantle.zone,#BadCoin #ClickFix,https://threatfox.abuse.ch/ioc/1768765/
2026-03-16 20:34:37,KongTuke,domain,mariadrakou.com,#Kongtuke,https://infosec.exchange/@monitorsg/116240186901232507
2026-03-17 02:45:26,ClearFake,domain,markterminal.grosstao.in.net,#ClearFake,https://threatfox.abuse.ch/ioc/1768983/
2026-03-16 18:20:29,Unknown malware,domain,maxxingcoin.digital,#BadCoin #ClickFix,https://threatfox.abuse.ch/ioc/1768489/
2026-03-16 19:58:34,Unknown malware,domain,maxxingonsol.xyz,#BadCoin #ClickFix,https://threatfox.abuse.ch/ioc/1768625/
2026-03-16 18:23:49,Unknown malware,domain,mayasol.lol,#BadCoin #ClickFix,https://threatfox.abuse.ch/ioc/1768496/
2026-03-16 18:21:36,Unknown malware,domain,mayatoken.lol,#BadCoin #ClickFix,https://threatfox.abuse.ch/ioc/1768491/
2026-03-16 20:31:59,ClearFake,domain,measur0-mark.backyard.in.net,#16March2026 #ClearFake #Commandline #Windows,https://threatfox.abuse.ch/ioc/1768032/
2026-03-17 09:31:19,ClearFake,domain,measurecircu.blowoff.in.net,#ClearFake,https://threatfox.abuse.ch/ioc/1769157/
2026-03-16 20:34:56,FAKEUPDATES,domain,medium.exathomeswebuytexas.com,#SocGholish #TDS,https://threatfox.abuse.ch/ioc/1768116/
2026-03-17 10:18:09,ClearFake,domain,mermeshum5.flowwow.in.net,#ClearFake,https://threatfox.abuse.ch/ioc/1769217/
2026-03-16 20:03:57,Unknown malware,domain,mewrstoken.lol,#BadCoin #ClickFix,https://threatfox.abuse.ch/ioc/1768651/
2026-03-16 19:02:37,Unknown malware,domain,midnighti-network.digital,#BadCoin #ClickFix,https://threatfox.abuse.ch/ioc/1768556/
2026-03-16 19:14:23,Unknown malware,domain,migratec.fun,#BadCoin #ClickFix,https://threatfox.abuse.ch/ioc/1768571/
2026-03-16 20:43:42,Unknown malware,domain,milkywaysol.lol,#BadCoin #ClickFix,https://threatfox.abuse.ch/ioc/1768717/
2026-03-16 20:07:54,Unknown malware,domain,mindoshare.world,#BadCoin #ClickFix,https://threatfox.abuse.ch/ioc/1768656/
2026-03-16 19:16:14,Unknown malware,domain,missilecoin.lol,#BadCoin #ClickFix,https://threatfox.abuse.ch/ioc/1768574/
2026-03-16 19:21:51,Unknown malware,domain,missiletoken.lat,#BadCoin #ClickFix,https://threatfox.abuse.ch/ioc/1768579/
2026-03-16 17:58:32,Unknown malware,domain,mogonsol.lol,#BadCoin #ClickFix,https://threatfox.abuse.ch/ioc/1768439/
2026-03-16 21:15:00,Unknown malware,domain,molty.lol,#BadCoin #ClickFix,https://threatfox.abuse.ch/ioc/1768777/
2026-03-16 18:14:15,Unknown malware,domain,momotoken.lol,#BadCoin #ClickFix,https://threatfox.abuse.ch/ioc/1768482/
2026-03-16 20:49:33,Unknown malware,domain,moonbidrs.lol,#BadCoin #ClickFix,https://threatfox.abuse.ch/ioc/1768730/
2026-03-16 20:48:56,Unknown malware,domain,moonbirbs.lol,#BadCoin #ClickFix,https://threatfox.abuse.ch/ioc/1768729/
2026-03-16 20:51:45,Unknown malware,domain,moonsbirb.network,#BadCoin #ClickFix,https://threatfox.abuse.ch/ioc/1768733/
2026-03-16 20:36:13,Unknown malware,domain,moonsbirds.lol,#BadCoin #ClickFix,https://threatfox.abuse.ch/ioc/1768705/
2026-03-17 11:10:43,ClearFake,domain,mujlhpe.grosstao.in.net,#ClearFake,https://threatfox.abuse.ch/ioc/1769234/
2026-03-16 18:59:24,Unknown malware,domain,mustardcoin.lat,#BadCoin #ClickFix,https://threatfox.abuse.ch/ioc/1768550/
2026-03-16 18:57:11,Unknown malware,domain,mustardtoken.lat,#BadCoin #ClickFix,https://threatfox.abuse.ch/ioc/1768548/
2026-03-16 20:38:29,Unknown malware,domain,mycrust.lol,#BadCoin #ClickFix,https://threatfox.abuse.ch/ioc/1768708/
2026-03-16 21:04:58,Unknown malware,domain,myegg.lol,#BadCoin #ClickFix,https://threatfox.abuse.ch/ioc/1768759/
2026-03-16 17:55:12,Unknown malware,domain,myjellycat.lol,#BadCoin #ClickFix,https://threatfox.abuse.ch/ioc/1768435/
2026-03-16 20:37:24,Unknown malware,domain,myopenclaw.lol,#BadCoin #ClickFix,https://threatfox.abuse.ch/ioc/1768707/
2026-03-16 21:18:25,Unknown malware,domain,mypotato.lol,#BadCoin #ClickFix,https://threatfox.abuse.ch/ioc/1768781/
2026-03-16 21:17:51,Unknown malware,domain,mypuppy.digital,#BadCoin #ClickFix,https://threatfox.abuse.ch/ioc/1768780/
2026-03-16 21:21:54,Unknown malware,domain,mypuppy.lol,#BadCoin #ClickFix,https://threatfox.abuse.ch/ioc/1768785/
2026-03-16 21:38:33,Unknown malware,domain,mywiki.lol,#BadCoin #ClickFix,https://threatfox.abuse.ch/ioc/1768810/
2026-03-17 15:17:47,ClearFake,domain,mzaanwa.backyard.in.net,#17March2026 #ClearFake #Commandline #Windows,https://threatfox.abuse.ch/ioc/1769344/
2026-03-17 00:23:42,ClearFake,domain,n4-bridge-z.fossaflow.in.net,#ClearFake,https://threatfox.abuse.ch/ioc/1768951/
2026-03-16 22:19:35,ClearFake,domain,n7-core-db.terrafirma.in.net,#ClearFake,https://threatfox.abuse.ch/ioc/1768836/
2026-03-16 19:24:33,Unknown malware,domain,nanatoken.lat,#BadCoin #ClickFix,https://threatfox.abuse.ch/ioc/1768581/
2026-03-16 18:24:53,Unknown malware,domain,nanixbt.lol,#BadCoin #ClickFix,https://threatfox.abuse.ch/ioc/1768498/
2026-03-17 15:46:16,Unknown malware,domain,nbgvwttzh35irjtnxgeaydqob6ixorgabbufb4ociefv4zklyppu5lad.onion,#embargo #Ransomware,https://github.com/TheRavenFile/Daily-Hunt/blob/main/Embargo%20Ransomware
2026-03-16 21:33:58,Unknown malware,domain,nekomata-sanatorium.lol,#BadCoin #ClickFix,https://threatfox.abuse.ch/ioc/1768802/
2026-03-16 21:41:44,Unknown malware,domain,nekomata.fun,#BadCoin #ClickFix,https://threatfox.abuse.ch/ioc/1768814/
2026-03-17 05:59:28,ClearFake,domain,neo-gu4rd.jokerun.in.net,#ClearFake,https://threatfox.abuse.ch/ioc/1769040/
2026-03-17 13:40:46,ClearFake,domain,neo-sc4r1.blowoff.in.net,#ClearFake,https://threatfox.abuse.ch/ioc/1769310/
2026-03-17 17:21:12,ClearFake,domain,neo-t1ny.inksky.in.net,#ClearFake,https://threatfox.abuse.ch/ioc/1769439/
2026-03-16 18:48:44,Unknown malware,domain,neotheone.lol,#BadCoin #ClickFix,https://threatfox.abuse.ch/ioc/1768540/
2026-03-16 18:43:58,Unknown malware,domain,neotoken.fun,#BadCoin #ClickFix,https://threatfox.abuse.ch/ioc/1768534/
2026-03-16 19:21:55,ClearFake,domain,net-v6-global.biosphera.in.net,#ClearFake,https://threatfox.abuse.ch/ioc/1768580/
2026-03-16 20:41:22,ClearFake,domain,net-v8-access.medivault.in.net,#ClearFake,https://threatfox.abuse.ch/ioc/1768712/
2026-03-17 12:55:01,Unknown malware,domain,networksolutionson.sbs,#ClickFix #ErrTraffic,https://threatfox.abuse.ch/ioc/1769283/
2026-03-16 19:19:27,Unknown malware,domain,nexira.lol,#BadCoin #ClickFix,https://threatfox.abuse.ch/ioc/1768577/
2026-03-16 21:36:55,Unknown malware,domain,nietzscheanpenguin.network,#BadCoin #ClickFix,https://threatfox.abuse.ch/ioc/1768807/
2026-03-16 20:57:32,Unknown malware,domain,nietzscheanpenguin.world,#BadCoin #ClickFix,https://threatfox.abuse.ch/ioc/1768748/
2026-03-16 21:26:36,Unknown malware,domain,nietzscheanpenguins.network,#BadCoin #ClickFix,https://threatfox.abuse.ch/ioc/1768791/
2026-03-17 06:00:20,XWorm,domain,njmiscoming.ddns.net,#c2 #domain #triage #XWorm,https://tria.ge/260317-d9215adz7s
2026-03-17 06:15:19,ClearFake,domain,node-771-auth.system-uplink.net,#17March2026 #ClearFake #Commandline #Windows,https://threatfox.abuse.ch/ioc/1768986/
2026-03-17 14:31:20,ClearFake,domain,nornexon8.grosstao.in.net,#ClearFake,https://threatfox.abuse.ch/ioc/1769333/
2026-03-17 07:58:52,ClearFake,domain,notifi-vault.cokenote.in.net,#ClearFake,https://threatfox.abuse.ch/ioc/1769097/
2026-03-17 13:29:41,ClearFake,domain,nypy0.highjoke.in.net,#ClearFake,https://threatfox.abuse.ch/ioc/1769302/
2026-03-17 13:14:40,KongTuke,domain,obmlink.com,#Kongtuke,https://infosec.exchange/@monitorsg/116244681326734878
2026-03-16 19:49:42,Unknown malware,domain,oilexchangecoin.lat,#BadCoin #ClickFix,https://threatfox.abuse.ch/ioc/1768611/
2026-03-16 19:25:26,Unknown malware,domain,oillesscoin.lat,#BadCoin #ClickFix,https://threatfox.abuse.ch/ioc/1768582/
2026-03-16 18:00:31,Remcos,domain,olayaligia1458.loseyourip.com,#c2 #domain #RAT #remcos #triage,https://tria.ge/260316-ve7fssdv4x
2026-03-17 15:46:07,Unknown malware,domain,olpvpdu4dotl54dereuembantzyjqzftjqj2ovvlfgcvw23qknuxzjad.onion,#embargo #Ransomware,https://github.com/TheRavenFile/Daily-Hunt/blob/main/Embargo%20Ransomware
2026-03-16 19:59:42,Unknown malware,domain,opinioncoin.lat,#BadCoin #ClickFix,https://threatfox.abuse.ch/ioc/1768626/
2026-03-16 21:31:20,Unknown malware,domain,opiumbirdsol.lol,#BadCoin #ClickFix,https://threatfox.abuse.ch/ioc/1768798/
2026-03-17 08:45:21,ClearFake,domain,opticwin.jokerun.in.net,#ClearFake,https://threatfox.abuse.ch/ioc/1769133/
2026-03-17 06:14:49,ClearFake,domain,orbit-v7-moon.vitalocus.in.net,#16March2026 #ClearFake #Commandline #Windows,https://threatfox.abuse.ch/ioc/1768776/
2026-03-17 15:46:13,Unknown malware,domain,orxo6qmizqa43suoox3xteu6645y4zf2bpvnsutb2yq3n2lpprw2x7yd.onion,#embargo #Ransomware,https://github.com/TheRavenFile/Daily-Hunt/blob/main/Embargo%20Ransomware
2026-03-17 04:45:52,StrelaStealer,domain,osppowiatu.pl,#StrelaStealer,https://threatfox.abuse.ch/ioc/1769022/
2026-03-17 16:00:45,ClearFake,domain,ovnofb.astpink.in.net,#ClearFake,https://threatfox.abuse.ch/ioc/1769411/
2026-03-17 00:29:17,ClearFake,domain,p0-scan-x8.fossaflow.in.net,#ClearFake,https://threatfox.abuse.ch/ioc/1768952/
2026-03-17 13:14:44,ClearFake,domain,p0rta-node.backyard.in.net,#17March2026 #ClearFake #Commandline #Windows,https://threatfox.abuse.ch/ioc/1769262/
2026-03-17 07:02:22,ClearFake,domain,p1-sync-v9.arcostruttura.in.net,#16March2026 #ClearFake #Commandline #Windows,https://threatfox.abuse.ch/ioc/1768880/
2026-03-16 20:31:50,ClearFake,domain,p1tc2-logic.easttea.in.net,#16March2026 #ClearFake #Commandline #Windows,https://threatfox.abuse.ch/ioc/1767986/
2026-03-16 21:38:11,Unknown malware,domain,p250.lol,#BadCoin #ClickFix,https://threatfox.abuse.ch/ioc/1768809/
2026-03-17 15:45:53,Unknown malware,domain,p474ku5ehoex7mfsbdenppakbb4twvrnvggjzhp53xw4z5qq6glm4yad.onion,#embargo #Ransomware,https://github.com/TheRavenFile/Daily-Hunt/blob/main/Embargo%20Ransomware
2026-03-16 20:31:59,ClearFake,domain,passivecor.backyard.in.net,#16March2026 #ClearFake #Commandline #Windows,https://threatfox.abuse.ch/ioc/1768031/
2026-03-17 10:04:36,ClearFake,domain,pasturepow.fabulos.in.net,#ClearFake,https://threatfox.abuse.ch/ioc/1769214/
2026-03-16 18:02:42,StrelaStealer,domain,patriotgroupofcos.com,#StrelaStealer,https://threatfox.abuse.ch/ioc/1768453/
2026-03-16 18:41:48,StrelaStealer,domain,paulinhopavesi.com,#StrelaStealer,https://threatfox.abuse.ch/ioc/1768530/
2026-03-16 19:05:52,StrelaStealer,domain,pausepipi.com,#StrelaStealer,https://threatfox.abuse.ch/ioc/1768558/
2026-03-16 19:11:03,StrelaStealer,domain,pavilionlake.ca,#StrelaStealer,https://threatfox.abuse.ch/ioc/1768568/
2026-03-16 19:18:26,StrelaStealer,domain,paving.phaededllc.com,#StrelaStealer,https://threatfox.abuse.ch/ioc/1768576/
2026-03-17 09:45:18,Quasar RAT,domain,pawbfl.za.com,#c2 #quasar,https://threatfox.abuse.ch/ioc/1769190/
2026-03-16 19:35:31,StrelaStealer,domain,pawsitiveimage.com,#StrelaStealer,https://threatfox.abuse.ch/ioc/1768596/
2026-03-16 19:45:58,StrelaStealer,domain,payingsocialmediajobsfor.me,#StrelaStealer,https://threatfox.abuse.ch/ioc/1768606/
2026-03-16 19:30:55,StrelaStealer,domain,paypal.lifecreateacademy.jp,#StrelaStealer,https://threatfox.abuse.ch/ioc/1768587/
2026-03-16 19:53:04,StrelaStealer,domain,pbm.momchillout.com,#StrelaStealer,https://threatfox.abuse.ch/ioc/1768616/
2026-03-16 20:06:30,StrelaStealer,domain,pc.hungdevwp.com,#StrelaStealer,https://threatfox.abuse.ch/ioc/1768655/
2026-03-16 20:18:25,StrelaStealer,domain,pcacademy.com.br,#StrelaStealer,https://threatfox.abuse.ch/ioc/1768674/
2026-03-16 20:28:51,StrelaStealer,domain,pcflx.com,#StrelaStealer,https://threatfox.abuse.ch/ioc/1768693/
2026-03-16 21:12:37,StrelaStealer,domain,pdc.trafic-influence.net,#StrelaStealer,https://threatfox.abuse.ch/ioc/1768773/
2026-03-16 21:35:48,StrelaStealer,domain,peacemachinevn.com,#StrelaStealer,https://threatfox.abuse.ch/ioc/1768805/
2026-03-16 21:51:43,StrelaStealer,domain,peanut-head.com,#StrelaStealer,https://threatfox.abuse.ch/ioc/1768821/
2026-03-16 21:58:31,StrelaStealer,domain,pearmantrainnovations.co.uk,#StrelaStealer,https://threatfox.abuse.ch/ioc/1768824/
2026-03-16 22:06:05,StrelaStealer,domain,pecuniary.in,#StrelaStealer,https://threatfox.abuse.ch/ioc/1768829/
2026-03-16 19:33:26,Unknown malware,domain,pedgy.lat,#BadCoin #ClickFix,https://threatfox.abuse.ch/ioc/1768593/
2026-03-16 22:37:09,StrelaStealer,domain,pediatriacomtodocarinho.com.br,#StrelaStealer,https://threatfox.abuse.ch/ioc/1768883/
2026-03-16 22:30:13,StrelaStealer,domain,pedrodesigner.ca,#StrelaStealer,https://threatfox.abuse.ch/ioc/1768875/
2026-03-16 22:52:06,StrelaStealer,domain,pekingwpg.ca,#StrelaStealer,https://threatfox.abuse.ch/ioc/1768887/
2026-03-16 22:55:58,StrelaStealer,domain,pelitapersadateknik.com,#StrelaStealer,https://threatfox.abuse.ch/ioc/1768889/
2026-03-16 19:55:45,Unknown malware,domain,pencilcoin.lat,#BadCoin #ClickFix,https://threatfox.abuse.ch/ioc/1768621/
2026-03-16 19:54:19,Unknown malware,domain,pencilcoin.top,#BadCoin #ClickFix,https://threatfox.abuse.ch/ioc/1768618/
2026-03-16 19:57:08,Unknown malware,domain,pencilcoin.xyz,#BadCoin #ClickFix,https://threatfox.abuse.ch/ioc/1768623/
2026-03-16 21:16:08,Unknown malware,domain,pengonsol.icu,#BadCoin #ClickFix,https://threatfox.abuse.ch/ioc/1768778/
2026-03-16 21:25:19,Unknown malware,domain,pengonsol.lol,#BadCoin #ClickFix,https://threatfox.abuse.ch/ioc/1768789/
2026-03-16 21:28:05,Unknown malware,domain,penguin.name,#BadCoin #ClickFix,https://threatfox.abuse.ch/ioc/1768794/
2026-03-16 23:39:29,StrelaStealer,domain,pensionpig.co.uk,#StrelaStealer,https://threatfox.abuse.ch/ioc/1768920/
2026-03-16 23:51:29,StrelaStealer,domain,peopleinthedarkroom.org,#StrelaStealer,https://threatfox.abuse.ch/ioc/1768923/
2026-03-17 00:20:14,StrelaStealer,domain,percontor.org,#StrelaStealer,https://threatfox.abuse.ch/ioc/1768949/
2026-03-17 00:20:59,StrelaStealer,domain,perfectonnyou.com,#StrelaStealer,https://threatfox.abuse.ch/ioc/1768950/
2026-03-17 00:44:06,StrelaStealer,domain,periodicoentretodos.mx,#StrelaStealer,https://threatfox.abuse.ch/ioc/1768961/
2026-03-17 01:02:05,StrelaStealer,domain,perm-resurs.ru,#StrelaStealer,https://threatfox.abuse.ch/ioc/1768965/
2026-03-17 02:11:25,StrelaStealer,domain,peter-rodriguez.globaldivide.info,#StrelaStealer,https://threatfox.abuse.ch/ioc/1768979/
2026-03-17 02:37:34,StrelaStealer,domain,peteruncaged.menshealthclinics.us,#StrelaStealer,https://threatfox.abuse.ch/ioc/1768982/
2026-03-17 03:33:11,StrelaStealer,domain,peudrinks.com.br,#StrelaStealer,https://threatfox.abuse.ch/ioc/1768994/
2026-03-16 21:08:26,Unknown malware,domain,peyote.lol,#BadCoin #ClickFix,https://threatfox.abuse.ch/ioc/1768766/
2026-03-17 06:14:45,Unknown malware,domain,phantom-mods.com,,https://threatfox.abuse.ch/ioc/1768718/
2026-03-17 04:30:19,StrelaStealer,domain,pharmacie-du-vully.ch,#StrelaStealer,https://threatfox.abuse.ch/ioc/1769018/
2026-03-17 05:08:55,StrelaStealer,domain,phasedeltacontrol.com,#StrelaStealer,https://threatfox.abuse.ch/ioc/1769027/
2026-03-17 05:51:01,StrelaStealer,domain,phkbasketball.com,#StrelaStealer,https://threatfox.abuse.ch/ioc/1769037/
2026-03-17 07:05:35,StrelaStealer,domain,photo.rpsc.ru,#StrelaStealer,https://threatfox.abuse.ch/ioc/1769071/
2026-03-17 07:29:46,StrelaStealer,domain,photogr.apher.com,#StrelaStealer,https://threatfox.abuse.ch/ioc/1769076/
2026-03-17 07:38:56,StrelaStealer,domain,photographie.bob974.fr,#StrelaStealer,https://threatfox.abuse.ch/ioc/1769083/
2026-03-17 07:41:45,StrelaStealer,domain,photography.atcontroller.com,#StrelaStealer,https://threatfox.abuse.ch/ioc/1769085/
2026-03-17 07:51:11,StrelaStealer,domain,photography.revwalt.org,#StrelaStealer,https://threatfox.abuse.ch/ioc/1769091/
2026-03-17 08:23:28,StrelaStealer,domain,photos.jackran.com,#StrelaStealer,https://threatfox.abuse.ch/ioc/1769119/
2026-03-17 08:44:20,StrelaStealer,domain,phulieunail.com,#StrelaStealer,https://threatfox.abuse.ch/ioc/1769132/
2026-03-17 09:35:04,StrelaStealer,domain,piazzaspa.cl,#StrelaStealer,https://threatfox.abuse.ch/ioc/1769158/
2026-03-17 09:41:11,StrelaStealer,domain,picgroup.com.au,#StrelaStealer,https://threatfox.abuse.ch/ioc/1769161/
2026-03-17 09:51:18,StrelaStealer,domain,pichote.com,#StrelaStealer,https://threatfox.abuse.ch/ioc/1769211/
2026-03-17 10:17:45,StrelaStealer,domain,picperfectbooths.com,#StrelaStealer,https://threatfox.abuse.ch/ioc/1769216/
2026-03-17 10:53:08,StrelaStealer,domain,pietro.konatsu.pl,#StrelaStealer,https://threatfox.abuse.ch/ioc/1769225/
2026-03-17 11:06:51,StrelaStealer,domain,pikkdamatea.hu,#StrelaStealer,https://threatfox.abuse.ch/ioc/1769233/
2026-03-17 11:14:18,StrelaStealer,domain,pilaut.nl,#StrelaStealer,https://threatfox.abuse.ch/ioc/1769235/
2026-03-17 11:22:50,StrelaStealer,domain,pilotweb.se,#StrelaStealer,https://threatfox.abuse.ch/ioc/1769237/
2026-03-17 11:26:59,StrelaStealer,domain,pilsner-creative-media.de,#StrelaStealer,https://threatfox.abuse.ch/ioc/1769239/
2026-03-17 12:45:20,StrelaStealer,domain,pioneerconstructionscompany.com,#StrelaStealer,https://threatfox.abuse.ch/ioc/1769279/
2026-03-16 17:56:27,Unknown malware,domain,pippinsol.lol,#BadCoin #ClickFix,https://threatfox.abuse.ch/ioc/1768437/
2026-03-17 08:13:00,StrelaStealer,domain,pistelli.com.br,#StrelaStealer,https://threatfox.abuse.ch/ioc/1769116/
2026-03-17 14:06:02,StrelaStealer,domain,pixera.com.tr,#StrelaStealer,https://threatfox.abuse.ch/ioc/1769315/
2026-03-17 16:07:18,StrelaStealer,domain,planmyescape.in,#StrelaStealer,https://threatfox.abuse.ch/ioc/1769419/
2026-03-17 17:09:30,StrelaStealer,domain,plasticoscalidad.com,#StrelaStealer,https://threatfox.abuse.ch/ioc/1769435/
2026-03-17 17:16:27,StrelaStealer,domain,plasticosdiamand.com,#StrelaStealer,https://threatfox.abuse.ch/ioc/1769438/
2026-03-16 21:30:31,Unknown malware,domain,pngcoin.lol,#BadCoin #ClickFix,https://threatfox.abuse.ch/ioc/1768797/
2026-03-16 20:54:37,Unknown malware,domain,pokemons.lol,#BadCoin #ClickFix,https://threatfox.abuse.ch/ioc/1768742/
2026-03-17 16:57:54,Unknown malware,domain,postprocesser.com,,https://www.abstract.security/blog/contagious-interview-evolution-of-vscode-and-cursor-tasks-infection-chains
2026-03-16 20:14:07,Unknown malware,domain,potatogrammy.lol,#BadCoin #ClickFix,https://threatfox.abuse.ch/ioc/1768665/
2026-03-17 13:51:56,ClearFake,domain,pr1nt-wave.octagonon.in.net,#ClearFake,https://threatfox.abuse.ch/ioc/1769312/
2026-03-17 03:39:53,ClearFake,domain,primecel.grosstao.in.net,#ClearFake,https://threatfox.abuse.ch/ioc/1768996/
2026-03-16 20:30:30,Unknown malware,domain,profitcoin.lol,#BadCoin #ClickFix,https://threatfox.abuse.ch/ioc/1768695/
2026-03-17 16:45:27,ClearFake,domain,proto-ed1t.tempiso.in.net,#ClearFake,https://threatfox.abuse.ch/ioc/1769429/
2026-03-17 09:45:18,Quasar RAT,domain,protradefinance.za.com,#c2 #quasar,https://threatfox.abuse.ch/ioc/1769191/
2026-03-16 21:29:44,Unknown malware,domain,psyopanime.digital,#BadCoin #ClickFix,https://threatfox.abuse.ch/ioc/1768796/
2026-03-16 21:22:42,Unknown malware,domain,puppysol.lol,#BadCoin #ClickFix,https://threatfox.abuse.ch/ioc/1768786/
2026-03-16 20:19:19,Unknown malware,domain,purchcoin.lol,#BadCoin #ClickFix,https://threatfox.abuse.ch/ioc/1768676/
2026-03-16 20:21:20,Unknown malware,domain,pussycoins.lol,#BadCoin #ClickFix,https://threatfox.abuse.ch/ioc/1768679/
2026-03-17 12:16:57,ClearFake,domain,pw3290s.cokenote.in.net,#ClearFake,https://threatfox.abuse.ch/ioc/1769263/
2026-03-16 23:15:33,ClearFake,domain,q4-sys-grid.basalticnode.in.net,#ClearFake,https://threatfox.abuse.ch/ioc/1768911/
2026-03-17 01:08:31,ClearFake,domain,q7-base-99.muralis-tech.in.net,#ClearFake,https://threatfox.abuse.ch/ioc/1768967/
2026-03-17 15:45:54,Unknown malware,domain,qk5nd25xdnygqrey7al2tb3xop5brk7kxua7xr2zrgftzked43bku4yd.onion,#embargo #Ransomware,https://github.com/TheRavenFile/Daily-Hunt/blob/main/Embargo%20Ransomware
2026-03-17 06:15:01,ClearFake,domain,qndhrpc.jokerun.in.net,#17March2026 #ClearFake #Commandline #Windows,https://threatfox.abuse.ch/ioc/1769046/
2026-03-17 15:44:50,ClearFake,domain,qpml0.cokefun.in.net,#17March2026 #ClearFake #Commandline #Windows,https://threatfox.abuse.ch/ioc/1769358/
2026-03-17 15:45:55,Unknown malware,domain,qrthxx5hkttfl3pk57eou6ddqi34pxsibxvndq7vt5pblqbaurkmxbqd.onion,#embargo #Ransomware,https://github.com/TheRavenFile/Daily-Hunt/blob/main/Embargo%20Ransomware
2026-03-17 08:05:45,ClearFake,domain,quorcrest2en.cokenote.in.net,#ClearFake,https://threatfox.abuse.ch/ioc/1769112/
2026-03-17 04:40:01,ClearFake,domain,quortideex3.backyard.in.net,#ClearFake,https://threatfox.abuse.ch/ioc/1769021/
2026-03-17 01:13:56,ClearFake,domain,r1-core-v3.muralis-tech.in.net,#ClearFake,https://threatfox.abuse.ch/ioc/1768968/
2026-03-16 22:08:13,ClearFake,domain,r3-mon-v8.terrafirma.in.net,#ClearFake,https://threatfox.abuse.ch/ioc/1768830/
2026-03-17 09:11:48,ClearFake,domain,raibark.highjoke.in.net,#ClearFake,https://threatfox.abuse.ch/ioc/1769146/
2026-03-17 09:44:36,ClearFake,domain,rbvjsji.octagonon.in.net,#ClearFake,https://threatfox.abuse.ch/ioc/1769185/
2026-03-17 11:57:27,ClearFake,domain,reedlea.backyard.in.net,#ClearFake,https://threatfox.abuse.ch/ioc/1769248/
2026-03-16 20:34:39,ClearFake,domain,result-z4-meta.neurosync.in.net,#16March2026 #ClearFake #Commandline #Windows,https://threatfox.abuse.ch/ioc/1768436/
2026-03-16 20:47:45,ClearFake,domain,rim-x4-outer.chemflow.in.net,#ClearFake,https://threatfox.abuse.ch/ioc/1768726/
2026-03-17 15:46:12,Unknown malware,domain,rlseptkjo5yt2c3m4ov7hmhxmb2uia3cic3ohq2u5tmb2uv4enovhfid.onion,#embargo #Ransomware,https://github.com/TheRavenFile/Daily-Hunt/blob/main/Embargo%20Ransomware
2026-03-17 15:45:58,Unknown malware,domain,rngjexyyyl5mek5kg2lkxilqfef5nr6bpa4u24i5ei5hb3ydsh5drpid.onion,#embargo #Ransomware,https://github.com/TheRavenFile/Daily-Hunt/blob/main/Embargo%20Ransomware
2026-03-17 08:38:52,ClearFake,domain,ro4d-stream.jokerun.in.net,#ClearFake,https://threatfox.abuse.ch/ioc/1769131/
2026-03-16 20:31:11,Unknown malware,domain,robobook.lol,#BadCoin #ClickFix,https://threatfox.abuse.ch/ioc/1768696/
2026-03-16 19:55:02,ClearFake,domain,room-v7-dark.opticlocus.in.net,#ClearFake,https://threatfox.abuse.ch/ioc/1768619/
2026-03-17 12:43:49,ClearFake,domain,routcha.cokefun.in.net,#ClearFake,https://threatfox.abuse.ch/ioc/1769278/
2026-03-17 16:56:59,ClearFake,domain,royalmonitor.tempiso.in.net,#ClearFake,https://threatfox.abuse.ch/ioc/1769431/
2026-03-16 23:00:26,Quasar RAT,domain,rrg.uk.com,#quasar,https://tria.ge/260316-z5ssjsfs8s
2026-03-16 20:58:17,Unknown malware,domain,runwithmoran.lol,#BadCoin #ClickFix,https://threatfox.abuse.ch/ioc/1768749/
2026-03-17 12:04:15,ClearFake,domain,rwmudmx.backyard.in.net,#ClearFake,https://threatfox.abuse.ch/ioc/1769258/
2026-03-17 15:36:22,MaskGramStealer,domain,ryzhikpix6956sanft.cfd,#dropped-by-amadey #MaskGramStealer,https://bazaar.abuse.ch/sample/81ddacc1d4689616b993f34465cb372e6046c035b45a4831343bd55ed37d48ee/
2026-03-16 22:14:17,ClearFake,domain,s1-ext-link.terrafirma.in.net,#ClearFake,https://threatfox.abuse.ch/ioc/1768831/
2026-03-17 06:19:30,ClearFake,domain,s3cre-plate.highjoke.in.net,#ClearFake,https://threatfox.abuse.ch/ioc/1769050/
2026-03-17 01:36:37,ClearFake,domain,s5-sync-x1.navispazio.in.net,#ClearFake,https://threatfox.abuse.ch/ioc/1768976/
2026-03-16 20:08:45,Unknown malware,domain,saharaai.life,#BadCoin #ClickFix,https://threatfox.abuse.ch/ioc/1768658/
2026-03-17 12:50:20,ClearFake,domain,sales-orga.cokefun.in.net,#ClearFake,https://threatfox.abuse.ch/ioc/1769280/
2026-03-17 04:20:16,ClearFake,domain,sales-path.norsdwest.in.net,#ClearFake,https://threatfox.abuse.ch/ioc/1769016/
2026-03-16 19:57:51,Unknown malware,domain,sanae.lol,#BadCoin #ClickFix,https://threatfox.abuse.ch/ioc/1768624/
2026-03-17 09:44:45,DCRat,domain,scam.mallukas.com,#c2 #dcrat,https://threatfox.abuse.ch/ioc/1769188/
2026-03-16 20:08:07,ClearFake,domain,scan-z9-point.opticlocus.in.net,#ClearFake,https://threatfox.abuse.ch/ioc/1768657/
2026-03-17 12:30:37,ClearFake,domain,sceneneur.cokenote.in.net,#ClearFake,https://threatfox.abuse.ch/ioc/1769272/
2026-03-16 20:22:11,Unknown malware,domain,scf.lol,#BadCoin #ClickFix,https://threatfox.abuse.ch/ioc/1768681/
2026-03-17 11:30:44,ClearFake,domain,ser-draon.easttea.in.net,#ClearFake,https://threatfox.abuse.ch/ioc/1769240/
2026-03-17 09:45:18,Quasar RAT,domain,sergiosmexicanbarandgrill.com,#c2 #quasar,https://threatfox.abuse.ch/ioc/1769192/
2026-03-16 21:04:10,Unknown malware,domain,sharke.lol,#BadCoin #ClickFix,https://threatfox.abuse.ch/ioc/1768758/
2026-03-16 18:50:18,Unknown malware,domain,sheepcoin.lol,#BadCoin #ClickFix,https://threatfox.abuse.ch/ioc/1768543/
2026-03-16 18:35:31,Unknown malware,domain,sheeprighteous.lat,#BadCoin #ClickFix,https://threatfox.abuse.ch/ioc/1768518/
2026-03-16 19:34:51,ClearFake,domain,shell-v9-core.genomax.in.net,#ClearFake,https://threatfox.abuse.ch/ioc/1768595/
2026-03-16 20:27:49,Unknown malware,domain,shellraiser.lol,#BadCoin #ClickFix,https://threatfox.abuse.ch/ioc/1768690/
2026-03-16 21:24:19,Unknown malware,domain,shrimpcoin.lol,#BadCoin #ClickFix,https://threatfox.abuse.ch/ioc/1768788/
2026-03-17 08:25:59,Unknown malware,domain,signs-in-extranet.com,#booking.com #ClickFix,https://threatfox.abuse.ch/ioc/1769121/
2026-03-17 16:34:30,ClearFake,domain,silverins.tempink.in.net,#ClearFake,https://threatfox.abuse.ch/ioc/1769427/
2026-03-16 18:37:02,Unknown malware,domain,smith-agent.lat,#BadCoin #ClickFix,https://threatfox.abuse.ch/ioc/1768521/
2026-03-16 20:00:27,Unknown malware,domain,solmaxxing.lat,#BadCoin #ClickFix,https://threatfox.abuse.ch/ioc/1768632/
2026-03-17 10:24:36,ClearFake,domain,solmesha7.flowwow.in.net,#ClearFake,https://threatfox.abuse.ch/ioc/1769218/
2026-03-17 04:07:32,ClearFake,domain,solvenum.norsdwest.in.net,#ClearFake,https://threatfox.abuse.ch/ioc/1769014/
2026-03-16 19:15:19,Unknown malware,domain,soniciabs.xyz,#BadCoin #ClickFix,https://threatfox.abuse.ch/ioc/1768572/
2026-03-16 20:45:19,Unknown malware,domain,soulguy.lol,#BadCoin #ClickFix,https://threatfox.abuse.ch/ioc/1768722/
2026-03-16 23:00:26,Quasar RAT,domain,sow.cn.com,#quasar,https://tria.ge/260316-z5ssjsfs8s
2026-03-16 21:07:34,ClearFake,domain,space-x0-open.chemflow.in.net,#ClearFake,https://threatfox.abuse.ch/ioc/1768764/
2026-03-17 15:17:54,ClearFake,domain,spring8-branch.easttea.in.net,#17March2026 #ClearFake #Commandline #Windows,https://threatfox.abuse.ch/ioc/1769335/
2026-03-16 19:50:38,Unknown malware,domain,spx6900.lol,#BadCoin #ClickFix,https://threatfox.abuse.ch/ioc/1768612/
2026-03-16 18:09:00,ClearFake,domain,srv-x12-unit.enzymecore.in.net,#ClearFake,https://threatfox.abuse.ch/ioc/1768474/
2026-03-17 06:15:16,ClearFake,domain,srv-x99-meta.core-protocol.net,#17March2026 #ClearFake #Commandline #Windows,https://threatfox.abuse.ch/ioc/1768990/
2026-03-17 13:03:16,ClearFake,domain,stac5-signal.jokerun.in.net,#ClearFake,https://threatfox.abuse.ch/ioc/1769286/
2026-03-16 22:19:17,Unknown malware,domain,starbytes.pages.dev,#ClickFix #payload,https://threatfox.abuse.ch/ioc/1768834/
2026-03-16 19:52:31,Unknown malware,domain,stormrae.lat,#BadCoin #ClickFix,https://threatfox.abuse.ch/ioc/1768615/
2026-03-17 15:44:52,ClearFake,domain,studioprocess.cokefun.in.net,#17March2026 #ClearFake #Commandline #Windows,https://threatfox.abuse.ch/ioc/1769355/
2026-03-16 18:00:19,XWorm,domain,su9yfgcpt1.localto.net,#c2 #domain #triage #XWorm,https://tria.ge/260316-wd77dae13v
2026-03-17 15:44:52,ClearFake,domain,subt-fres.cokenote.in.net,#17March2026 #ClearFake #Commandline #Windows,https://threatfox.abuse.ch/ioc/1769354/
2026-03-16 23:00:26,Quasar RAT,domain,sun-win.cn.com,#quasar,https://tria.ge/260316-z5ssjsfs8s
2026-03-17 09:44:45,DCRat,domain,sunwin1.sa.com,#c2 #dcrat,https://threatfox.abuse.ch/ioc/1769189/
2026-03-16 23:00:26,Quasar RAT,domain,sunwin95.us.com,#quasar,https://tria.ge/260316-z5ssjsfs8s
2026-03-16 19:17:05,Unknown malware,domain,susancbennett.lat,#BadCoin #ClickFix,https://threatfox.abuse.ch/ioc/1768575/
2026-03-16 23:00:26,Quasar RAT,domain,swe.uk.com,#quasar,https://tria.ge/260316-z5ssjsfs8s
2026-03-17 13:09:17,ClearFake,domain,swt8c06j.lakebit.digital,#ClearFake,https://threatfox.abuse.ch/ioc/1769289/
2026-03-16 20:14:39,ClearFake,domain,sync-v0-vision.opticlocus.in.net,#ClearFake,https://threatfox.abuse.ch/ioc/1768666/
2026-03-17 06:15:18,ClearFake,domain,sync-v09-edge.system-uplink.net,#17March2026 #ClearFake #Commandline #Windows,https://threatfox.abuse.ch/ioc/1768987/
2026-03-16 21:54:04,ClearFake,domain,sync-z3-data.cellanode.in.net,#ClearFake,https://threatfox.abuse.ch/ioc/1768823/
2026-03-17 10:11:27,ClearFake,domain,synt-sheet.fabulos.in.net,#ClearFake,https://threatfox.abuse.ch/ioc/1769215/
2026-03-16 21:16:47,Unknown malware,domain,syrn.lol,#BadCoin #ClickFix,https://threatfox.abuse.ch/ioc/1768779/
2026-03-16 19:01:56,ClearFake,domain,sys-x8-monitor.biosphera.in.net,#ClearFake,https://threatfox.abuse.ch/ioc/1768555/
2026-03-17 04:26:51,ClearFake,domain,t1d3-reach.backyard.in.net,#ClearFake,https://threatfox.abuse.ch/ioc/1769017/
2026-03-17 01:19:11,ClearFake,domain,t4-link-x2.muralis-tech.in.net,#ClearFake,https://threatfox.abuse.ch/ioc/1768970/
2026-03-16 19:51:14,Unknown malware,domain,t4lly.xyz,#BadCoin #ClickFix,https://threatfox.abuse.ch/ioc/1768613/
2026-03-16 23:38:35,ClearFake,domain,t5-auth-x4.viametrica.in.net,#ClearFake,https://threatfox.abuse.ch/ioc/1768919/
2026-03-16 19:48:54,Unknown malware,domain,tailly.xyz,#BadCoin #ClickFix,https://threatfox.abuse.ch/ioc/1768610/
2026-03-17 10:57:40,ClearFake,domain,tal-lineal.grosstao.in.net,#ClearFake,https://threatfox.abuse.ch/ioc/1769226/
2026-03-16 20:31:58,ClearFake,domain,tal-meshex.backyard.in.net,#16March2026 #ClearFake #Commandline #Windows,https://threatfox.abuse.ch/ioc/1768033/
2026-03-17 10:44:38,ClearFake,domain,taldraor1.gronstat.in.net,#ClearFake,https://threatfox.abuse.ch/ioc/1769223/
2026-03-16 19:51:47,Unknown malware,domain,taliy.lat,#BadCoin #ClickFix,https://threatfox.abuse.ch/ioc/1768614/
2026-03-17 15:45:57,Unknown malware,domain,tamvd5fdyvpekhaf2sdg5sum73ra2abc4h2iqihijpvw4hythnlmuhid.onion,#embargo #Ransomware,https://github.com/TheRavenFile/Daily-Hunt/blob/main/Embargo%20Ransomware
2026-03-16 18:27:10,Unknown malware,domain,testcoin.lol,#BadCoin #ClickFix,https://threatfox.abuse.ch/ioc/1768500/
2026-03-16 20:22:46,Unknown malware,domain,testiclecoin.lol,#BadCoin #ClickFix,https://threatfox.abuse.ch/ioc/1768682/
2026-03-16 19:01:31,Unknown malware,domain,theblock.today,#BadCoin #ClickFix,https://threatfox.abuse.ch/ioc/1768554/
2026-03-17 15:17:54,ClearFake,domain,theoryobserver.grosstao.in.net,#17March2026 #ClearFake #Commandline #Windows,https://threatfox.abuse.ch/ioc/1769334/
2026-03-16 21:14:12,Unknown malware,domain,thestartupcoin.lol,#BadCoin #ClickFix,https://threatfox.abuse.ch/ioc/1768775/
2026-03-16 20:15:31,Unknown malware,domain,thinkcoin.lol,#BadCoin #ClickFix,https://threatfox.abuse.ch/ioc/1768668/
2026-03-16 20:14:45,Unknown malware,domain,thinksol.lol,#BadCoin #ClickFix,https://threatfox.abuse.ch/ioc/1768667/
2026-03-17 11:24:15,ClearFake,domain,tinyruntime.easttea.in.net,#ClearFake,https://threatfox.abuse.ch/ioc/1769238/
2026-03-16 20:32:24,Unknown malware,domain,townsol.lol,#BadCoin #ClickFix,https://threatfox.abuse.ch/ioc/1768698/
2026-03-17 15:17:48,ClearFake,domain,tr3nd-plate.norsdwest.in.net,#17March2026 #ClearFake #Commandline #Windows,https://threatfox.abuse.ch/ioc/1769340/
2026-03-16 19:28:10,ClearFake,domain,trace-x1-alpha.genomax.in.net,#ClearFake,https://threatfox.abuse.ch/ioc/1768584/
2026-03-17 07:12:24,ClearFake,domain,trailertrue.easttea.in.net,#ClearFake,https://threatfox.abuse.ch/ioc/1769073/
2026-03-17 08:25:10,ClearFake,domain,tren-sai.cokefun.in.net,#ClearFake,https://threatfox.abuse.ch/ioc/1769120/
2026-03-17 17:13:44,ClearFake,domain,tri-crestor.inksky.in.net,#ClearFake,https://threatfox.abuse.ch/ioc/1769437/
2026-03-17 15:10:49,ClearFake,domain,tridraar2.backyard.in.net,#ClearFake,https://threatfox.abuse.ch/ioc/1769345/
2026-03-16 19:56:31,Unknown malware,domain,trinketcoin.xyz,#BadCoin #ClickFix,https://threatfox.abuse.ch/ioc/1768622/
2026-03-16 19:53:34,Unknown malware,domain,trinketsol.lol,#BadCoin #ClickFix,https://threatfox.abuse.ch/ioc/1768617/
2026-03-16 20:34:55,ClearFake,domain,tru59-chain.darkboll.in.net,#16March2026 #ClearFake #Commandline #Windows,https://threatfox.abuse.ch/ioc/1768124/
2026-03-16 17:57:30,Unknown malware,domain,trump2coin.lol,#BadCoin #ClickFix,https://threatfox.abuse.ch/ioc/1768438/
2026-03-16 19:00:54,Unknown malware,domain,trumpump.world,#BadCoin #ClickFix,https://threatfox.abuse.ch/ioc/1768553/
2026-03-17 05:20:07,ClearFake,domain,ts2hfdf.cokefun.in.net,#ClearFake,https://threatfox.abuse.ch/ioc/1769029/
2026-03-16 20:52:39,Unknown malware,domain,tslausdt.lat,#BadCoin #ClickFix,https://threatfox.abuse.ch/ioc/1768736/
2026-03-16 18:28:14,Unknown malware,domain,tstcoin.lol,#BadCoin #ClickFix,https://threatfox.abuse.ch/ioc/1768502/
2026-03-17 01:02:38,ClearFake,domain,u2-orbit-z.muralis-tech.in.net,#ClearFake,https://threatfox.abuse.ch/ioc/1768966/
2026-03-16 22:02:46,ClearFake,domain,u9-bal-01.terrafirma.in.net,#ClearFake,https://threatfox.abuse.ch/ioc/1768828/
2026-03-17 13:12:47,ClearFake,domain,uler.jokerun.in.net,#ClearFake,https://threatfox.abuse.ch/ioc/1769295/
2026-03-17 17:44:34,ClearFake,domain,urb4n-gate.inkpit.in.net,#ClearFake,https://threatfox.abuse.ch/ioc/1769443/
2026-03-17 11:50:40,ClearFake,domain,urbaoutlet.norsdwest.in.net,#ClearFake,https://threatfox.abuse.ch/ioc/1769247/
2026-03-16 20:50:03,Unknown malware,domain,usercoin.lol,#BadCoin #ClickFix,https://threatfox.abuse.ch/ioc/1768731/
2026-03-16 20:29:28,Unknown malware,domain,usgold.lol,#BadCoin #ClickFix,https://threatfox.abuse.ch/ioc/1768694/
2026-03-16 21:36:06,Unknown malware,domain,usor.life,#BadCoin #ClickFix,https://threatfox.abuse.ch/ioc/1768806/
2026-03-16 20:55:53,Unknown malware,domain,usor.today,#BadCoin #ClickFix,https://threatfox.abuse.ch/ioc/1768745/
2026-03-16 21:10:59,Unknown malware,domain,usorcoin.world,#BadCoin #ClickFix,https://threatfox.abuse.ch/ioc/1768769/
2026-03-16 21:43:07,Unknown malware,domain,usoroil.lol,#BadCoin #ClickFix,https://threatfox.abuse.ch/ioc/1768815/
2026-03-16 21:39:20,Unknown malware,domain,usoroil.today,#BadCoin #ClickFix,https://threatfox.abuse.ch/ioc/1768811/
2026-03-16 20:28:44,Unknown malware,domain,usortech.lol,#BadCoin #ClickFix,https://threatfox.abuse.ch/ioc/1768692/
2026-03-16 20:25:52,Unknown malware,domain,usortechtoken.live,#BadCoin #ClickFix,https://threatfox.abuse.ch/ioc/1768687/
2026-03-16 20:12:31,Unknown malware,domain,usortoken.digital,#BadCoin #ClickFix,https://threatfox.abuse.ch/ioc/1768663/
2026-03-16 20:56:43,Unknown malware,domain,usortoken.live,#BadCoin #ClickFix,https://threatfox.abuse.ch/ioc/1768747/
2026-03-16 20:53:28,Unknown malware,domain,usortoken.lol,#BadCoin #ClickFix,https://threatfox.abuse.ch/ioc/1768738/
2026-03-16 20:34:38,KongTuke,domain,ussbtv.com,#Kongtuke,https://infosec.exchange/@monitorsg/116240186901232507
2026-03-16 20:51:46,ValleyRAT,domain,uujhgtbbh.cn,#RAT #ValleyRAT,https://bazaar.abuse.ch/sample/70bc3fd417a697be216fc04fca17402e9cf579c1f40fdf1b658c12c60a6ef007/
2026-03-17 00:45:45,ClearFake,domain,v4-zone-12.stratagrid.in.net,#ClearFake,https://threatfox.abuse.ch/ioc/1768962/
2026-03-16 23:04:13,ClearFake,domain,v6-api-node.pietraforte.in.net,#ClearFake,https://threatfox.abuse.ch/ioc/1768901/
2026-03-17 08:06:09,Unknown malware,domain,valhallaflwr.com,#ClickFix #payload,https://threatfox.abuse.ch/ioc/1769113/
2026-03-17 13:17:13,Unknown malware,domain,vblbs.beer,#ClickFix #ErrTraffic,https://threatfox.abuse.ch/ioc/1769298/
2026-03-16 20:23:16,Unknown malware,domain,vdr-us.lol,#BadCoin #ClickFix,https://threatfox.abuse.ch/ioc/1768683/
2026-03-16 20:36:40,Unknown malware,domain,vdr.lol,#BadCoin #ClickFix,https://threatfox.abuse.ch/ioc/1768706/
2026-03-17 14:20:08,ClearFake,domain,velcrestal9.gronstat.in.net,#ClearFake,https://threatfox.abuse.ch/ioc/1769329/
2026-03-17 15:45:59,Unknown malware,domain,vh2wkazjlflm6pvwtvw2fnztu3dcw4346lasvikzeg25yhx6bjvl5pqd.onion,#embargo #Ransomware,https://github.com/TheRavenFile/Daily-Hunt/blob/main/Embargo%20Ransomware
2026-03-17 13:14:57,ClearFake,domain,videobiome.backyard.in.net,#17March2026 #ClearFake #Commandline #Windows,https://threatfox.abuse.ch/ioc/1769084/
2026-03-16 19:48:10,ClearFake,domain,vision-v4-sync.genomax.in.net,#ClearFake,https://threatfox.abuse.ch/ioc/1768609/
2026-03-17 05:00:15,ClearFake,domain,vorven9is.cokenote.in.net,#ClearFake,https://threatfox.abuse.ch/ioc/1769025/
2026-03-16 21:03:43,Unknown malware,domain,vwar.lol,#BadCoin #ClickFix,https://threatfox.abuse.ch/ioc/1768757/
2026-03-17 00:40:11,ClearFake,domain,w1-rim-node.stratagrid.in.net,#ClearFake,https://threatfox.abuse.ch/ioc/1768959/
2026-03-16 22:36:27,ClearFake,domain,w2-web-cache.arcostruttura.in.net,#ClearFake,https://threatfox.abuse.ch/ioc/1768882/
2026-03-16 19:36:36,Unknown malware,domain,warcoinsol.lol,#BadCoin #ClickFix,https://threatfox.abuse.ch/ioc/1768597/
2026-03-17 08:51:50,ClearFake,domain,warmcha.jokerun.in.net,#ClearFake,https://threatfox.abuse.ch/ioc/1769140/
2026-03-16 19:05:08,Unknown malware,domain,waroneusd1.world,#BadCoin #ClickFix,https://threatfox.abuse.ch/ioc/1768557/
2026-03-16 19:06:39,Unknown malware,domain,waroneusd1.xyz,#BadCoin #ClickFix,https://threatfox.abuse.ch/ioc/1768561/
2026-03-16 18:32:27,Unknown malware,domain,waronusd.lat,#BadCoin #ClickFix,https://threatfox.abuse.ch/ioc/1768511/
2026-03-16 19:34:25,Unknown malware,domain,waronusd1.fun,#BadCoin #ClickFix,https://threatfox.abuse.ch/ioc/1768594/
2026-03-16 18:46:58,Unknown malware,domain,waronusd1.life,#BadCoin #ClickFix,https://threatfox.abuse.ch/ioc/1768538/
2026-03-16 19:00:07,Unknown malware,domain,waronusd1.today,#BadCoin #ClickFix,https://threatfox.abuse.ch/ioc/1768551/
2026-03-16 19:37:24,Unknown malware,domain,wdogdoing.lol,#BadCoin #ClickFix,https://threatfox.abuse.ch/ioc/1768598/
2026-03-16 18:22:13,ClearFake,domain,web-90-cache.enzymecore.in.net,#ClearFake,https://threatfox.abuse.ch/ioc/1768493/
2026-03-17 08:46:03,Unknown malware,domain,web-booking-extranet.com,#booking.com #ClickFix,https://threatfox.abuse.ch/ioc/1769134/
2026-03-16 21:40:50,ClearFake,domain,web-v02-infra.cellanode.in.net,#ClearFake,https://threatfox.abuse.ch/ioc/1768813/
2026-03-17 15:18:01,SmartApeSG,domain,wedbrty.top,#SmartApeSG,https://infosec.exchange/@monitorsg/116244906515281162
2026-03-17 15:45:09,Unknown malware,domain,wg55rcy2chmbpeh6pl5pftnveac2lqfxbletrtzanfjhhmvcjnn5tcqd.onion,#embargo #Ransomware,https://github.com/TheRavenFile/Daily-Hunt/blob/main/Embargo%20Ransomware
2026-03-16 21:37:38,Unknown malware,domain,wikicoin.lol,#BadCoin #ClickFix,https://threatfox.abuse.ch/ioc/1768808/
2026-03-16 23:00:26,Quasar RAT,domain,wkp.uk.com,#quasar,https://tria.ge/260316-z5ssjsfs8s
2026-03-16 20:41:30,Unknown malware,domain,wojak.today,#BadCoin #ClickFix,https://threatfox.abuse.ch/ioc/1768713/
2026-03-16 21:19:21,Unknown malware,domain,worthlesscoin.lol,#BadCoin #ClickFix,https://threatfox.abuse.ch/ioc/1768782/
2026-03-17 15:46:06,Unknown malware,domain,wsw3zgmaw32cjt4j4iwwpg7td7qgrh2fp2p34pvhupyqke6ilepsnqad.onion,#embargo #Ransomware,https://github.com/TheRavenFile/Daily-Hunt/blob/main/Embargo%20Ransomware
2026-03-17 06:32:56,ClearFake,domain,wu9h.highjoke.in.net,#ClearFake,https://threatfox.abuse.ch/ioc/1769052/
2026-03-16 20:52:52,ValleyRAT,domain,wwvsfkbjsdojfnor.cn,#RAT #ValleyRAT,https://bazaar.abuse.ch/sample/e6d8944deced4b6ec228cb1af210eb19d527107af2688b401de5503174bc1fbe/
2026-03-16 20:20:44,Unknown malware,domain,x1xhlol.lol,#BadCoin #ClickFix,https://threatfox.abuse.ch/ioc/1768678/
2026-03-16 22:24:58,ClearFake,domain,x5-gate-33.arcostruttura.in.net,#ClearFake,https://threatfox.abuse.ch/ioc/1768837/
2026-03-17 00:56:57,ClearFake,domain,x9-space-v5.stratagrid.in.net,#ClearFake,https://threatfox.abuse.ch/ioc/1768964/
2026-03-16 19:46:40,Unknown malware,domain,xmoneycoin.lat,#BadCoin #ClickFix,https://threatfox.abuse.ch/ioc/1768607/
2026-03-17 09:45:18,Quasar RAT,domain,xn----8sbkdqibmrdgt3a.ru.com,#c2 #quasar,https://threatfox.abuse.ch/ioc/1769193/
2026-03-16 19:31:54,Unknown malware,domain,xpd.lol,#BadCoin #ClickFix,https://threatfox.abuse.ch/ioc/1768588/
2026-03-16 18:42:42,Unknown malware,domain,xscouter.lol,#BadCoin #ClickFix,https://threatfox.abuse.ch/ioc/1768532/
2026-03-17 07:02:22,ClearFake,domain,y1-point-v7.viametrica.in.net,#16March2026 #ClearFake #Commandline #Windows,https://threatfox.abuse.ch/ioc/1768922/
2026-03-17 15:45:09,Unknown malware,domain,y6kyfs2unbfcyodzjrxadn4w5vyulhyotdi5dtiqulxbduujehupunqd.onion,#embargo #Ransomware,https://github.com/TheRavenFile/Daily-Hunt/blob/main/Embargo%20Ransomware
2026-03-17 16:11:56,ClearFake,domain,yamh.astpink.in.net,#ClearFake,https://threatfox.abuse.ch/ioc/1769422/
2026-03-17 03:43:56,ClearFake,domain,yefa.easttea.in.net,#ClearFake,https://threatfox.abuse.ch/ioc/1768997/
2026-03-17 07:05:58,ClearFake,domain,yefwc3t.easttea.in.net,#ClearFake,https://threatfox.abuse.ch/ioc/1769072/
2026-03-16 21:06:56,Unknown malware,domain,yona.lol,#BadCoin #ClickFix,https://threatfox.abuse.ch/ioc/1768763/
2026-03-17 12:23:36,ClearFake,domain,ysviurpy.cokenote.in.net,#ClearFake,https://threatfox.abuse.ch/ioc/1769268/
2026-03-17 13:30:21,Vidar,domain,yum.shuvocomputer.org,#Vidar,https://threatfox.abuse.ch/ioc/1769306/
2026-03-17 13:30:21,Vidar,domain,yum.ssffaa2.xyz,#Vidar,https://threatfox.abuse.ch/ioc/1769307/
2026-03-17 08:58:27,ClearFake,domain,yzkzwt.highjoke.in.net,#ClearFake,https://threatfox.abuse.ch/ioc/1769143/
2026-03-17 00:51:15,ClearFake,domain,z0-field-x.stratagrid.in.net,#ClearFake,https://threatfox.abuse.ch/ioc/1768963/
2026-03-17 15:45:11,Unknown malware,domain,z2b75lk7xf6kme3zfvlmdmpwiaansnkcuhsojd23dgub5md24fhogcyd.onion,#embargo #Ransomware,https://github.com/TheRavenFile/Daily-Hunt/blob/main/Embargo%20Ransomware
2026-03-16 22:58:47,ClearFake,domain,z9-cloud-v1.pietraforte.in.net,#ClearFake,https://threatfox.abuse.ch/ioc/1768890/
2026-03-16 20:16:13,Unknown malware,domain,zama.center,#BadCoin #ClickFix,https://threatfox.abuse.ch/ioc/1768670/
2026-03-16 20:59:11,Unknown malware,domain,zapzyio.lol,#BadCoin #ClickFix,https://threatfox.abuse.ch/ioc/1768750/
2026-03-17 05:52:57,ClearFake,domain,zeee.jokerun.in.net,#ClearFake,https://threatfox.abuse.ch/ioc/1769038/
2026-03-17 08:12:04,ClearFake,domain,zeh4rg.cokenote.in.net,#ClearFake,https://threatfox.abuse.ch/ioc/1769115/
2026-03-17 17:02:48,ClearFake,domain,zentide0on.tempiso.in.net,#ClearFake,https://threatfox.abuse.ch/ioc/1769433/
2026-03-17 06:45:57,ClearFake,domain,zk370qhd.grosstao.in.net,#ClearFake,https://threatfox.abuse.ch/ioc/1769065/
2026-03-16 20:54:47,ClearFake,domain,zone-v22-area.chemflow.in.net,#ClearFake,https://threatfox.abuse.ch/ioc/1768743/
2026-03-17 14:25:35,ClearFake,domain,zvacmj3m.gronstat.in.net,#ClearFake,https://threatfox.abuse.ch/ioc/1769330/
